id,num_like_post,num_comment_post,num_share_post,label
1,19477,378,173,0
3,48,5,19,0
4,3,0,0,0
5,775,0,54,0
6,2,1,0,0
7,25,1,1,0
8,6,0,1,0
9,6,0,0,0
10,6,0,0,0
11,170,51,68,1
12,554,480,16000,1
13,7393,13,236,0
14,12,17,0,1
15,290,5,66,0
16,121,68,49,1
17,22,1,3,0
18,1,0,0,0
19,1,0,0,0
20,6,0,0,0
21,385,27,60,0
22,4700,549,3300,0
23,2898,50,142,0
24,58,12,4,0
25,86,0,17,0
26,16,5,3,0
27,5739,43,118,0
28,39000,5300,10000,0
29,1,1,0,1
30,9050,50,220,0
31,19,0,5,0
32,9,1,0,0
33,1353,50,83,0
34,13,0,4,1
35,0,0,0,0
37,10,0,0,0
38,5200,2500,5900,0
39,1,0,0,1
40,4,0,1,0
41,17,1,1,0
42,164,9,18,0
43,26,2,1,0
44,40,48,9,0
45,5,0,0,1
46,8,1,0,0
47,26,21,6,0
48,5361,117,173,0
49,15,0,0,0
50,398,9,246,0
51,32000,1900,2400,0
52,88,27,4,0
53,4149,50,288,0
54,8900,3300,8700,0
55,0,0,0,0
56,60,0,10,0
57,8464,22,146,0
58,6,0,0,0
59,625,199,3300,1
60,4,2,1,0
61,2,0,0,1
62,1559,50,201,0
63,4320,27,1228,0
64,10,6,2,1
65,468,14,5,0
66,0,0,0,0
67,23,1,8,0
68,80,11,36,1
69,2,0,0,0
70,336,16,53,0
71,43,19,1,1
72,3,0,0,0
73,367,38,24,1
74,49,10,5,1
75,1,0,0,0
76,1,0,0,1
77,651,50,141,0
79,10,0,1,0
80,20,1,1,0
81,29,1,9,0
83,449,9,6,0
84,36,38,5,0
85,7500,1100,11000,0
86,11,0,0,1
87,18,3,6,0
88,1,0,1,1
89,2168,22,19,0
90,19191,178,144,0
91,20,5,6,0
92,9,2,0,0
93,1574,50,322,0
94,17,1,2,0
95,30,31,6,0
96,2496,0,654,0
97,0,0,0,0
98,2,0,2,0
99,1,7,0,1
100,10,1,0,0
101,47,62,10,0
102,4437,49,54,0
103,473,11,48,0
104,13,0,1,0
105,42,0,1,0
106,4,0,1,0
107,2,0,0,0
108,44,1,9,0
109,97,9,4,0
110,9,2,1,0
111,284,15,186,0
112,165,30,23,1
113,1,0,0,0
114,7,0,0,0
115,253,119,4,1
116,291,8,41,0
117,48,18,1,0
118,2,2,0,1
119,1474,39,52,0
120,6647,11,185,0
121,620,22,81,0
122,2000,782,2100,0
123,15,2,0,0
124,28000,863,2200,0
125,7,0,1,0
126,6554,50,109,0
127,0,0,0,0
128,1400,289,2700,0
129,5,0,0,0
130,3,0,0,0
131,6011,13,54,0
132,30,2,3,0
133,5551,128,540,0
134,8823,34,387,0
135,11,0,4,0
136,6,1,0,0
137,185,78,46,0
138,6,2,0,0
139,8,3,1,0
140,478,166,209,1
141,59,0,3,0
142,4,0,1,0
143,9400,939,3400,1
144,0,0,0,0
145,9619,50,562,0
146,6,0,1,0
147,6,11,0,0
148,88,49,12,0
149,0,0,0,0
150,1,0,0,0
152,8,1,1,0
153,30,10,156,1
154,415,0,18,0
155,1700,357,12000,1
156,373,122,2400,0
157,353,104,16,0
158,2581,69,145,0
159,0,0,0,0
160,3,0,0,0
161,1,0,1,0
162,341,0,62,0
163,11,0,0,0
164,563,158,2600,0
165,2800,1600,2500,0
166,160,93,21,0
167,0,0,0,0
168,3700,277,4700,0
169,12,0,0,0
170,701,0,213,0
171,10,2,2,0
172,4,0,0,0
173,12000,2400,2900,1
174,56,0,8,0
175,3,0,0,0
177,94,0,4,0
180,16,1,3,0
181,3,0,2,0
182,30,2,1,0
183,74,99,13,0
184,5,0,0,0
185,10000,657,4700,0
186,110,39,16,1
187,2,0,0,0
188,3965,10,81,0
189,3143,3,26,0
191,5,1,3,0
192,12388,50,175,0
193,0,0,0,0
194,36,0,4,0
195,88,1,5,0
196,45118,373,579,0
197,75,45,10,0
198,2898,50,142,0
199,76,0,7,0
200,12,0,1,0
201,29302,50,4079,0
202,7,0,0,1
203,4,0,0,0
204,597,50,56,0
205,2,0,1,0
206,13,0,0,0
207,24,0,3,0
208,3,0,0,0
209,67,2,3,0
210,18,0,0,0
211,0,0,0,0
212,4903,50,233,0
213,1500,25,6200,0
214,139,4,4,0
215,3,0,0,0
216,6,6,0,0
217,7,0,0,0
218,606,46,27,0
219,68,18,8,0
220,6,7,6,0
221,2,0,0,0
222,8,1,2,0
223,43,3,4,0
224,3900,1500,3000,0
225,92,30,16,0
226,5188,18,83,0
227,32,15,0,0
228,14,7,0,0
229,2,0,0,0
230,51,1,0,0
231,12149,50,204,0
232,112,50,47,0
233,23000,1300,4800,0
234,97,9,7,1
235,2,1,0,0
236,122,0,3,0
237,99,2,3,0
238,242,1,0,0
239,1822,29,70,0
240,44000,4200,4200,0
241,2,0,0,0
242,87,7,30,0
243,658,137,3100,1
244,5,0,0,0
245,0,0,0,0
246,8,0,1,0
247,16091,38,2642,0
248,13,7,2,1
249,1100,134,2300,1
250,567,262,377,1
251,1,0,0,0
252,6,0,1,1
253,2,0,0,0
254,2,0,0,0
255,76,12,6,0
256,33,10,3,0
257,29,6,1,0
258,26,9,1,0
259,56,0,6,0
260,5,0,0,0
261,4,0,0,0
262,11,3,2,0
263,68,0,5,0
264,0,0,0,0
265,452,274,210,1
266,80,21,6,1
267,4,0,1,0
268,10,0,0,0
269,27,1,0,0
270,6,0,0,0
271,16,3,3,0
272,18,13,1,0
273,53,13,22,1
274,6,0,0,0
275,1400,2500,4300,1
276,6306,20,1274,0
277,24,0,0,0
278,4,0,0,0
279,75,15,15,1
280,405,32,20,0
281,245,357,25,1
282,4,0,1,0
283,94,1,7,0
284,6,2,0,0
285,13000,675,2400,0
287,9,7,0,0
288,5593,24,635,0
289,3800,442,2800,1
290,145,32,3,0
291,175,20,14,1
292,178,44,34,0
293,0,0,0,0
294,35,3,3,0
295,1600,24,5000,1
296,3,0,3,1
297,75,13,3,0
298,290,22,13,0
300,4632,34,391,0
301,53,48,2,1
302,13020,50,557,0
303,6,0,0,0
304,190,22,4,1
305,0,0,0,0
306,3,0,0,0
307,88,19,28,1
308,19,3,0,0
309,2,1,0,0
310,41,8,9,0
311,7,1,0,0
312,175,8,36,0
313,11,0,3,0
314,37,1,0,0
315,6,0,1,0
316,157,3,9,0
317,40,42,4,0
318,62,1,5,0
319,8800,3000,7600,0
320,13,0,0,0
321,4,1,0,0
322,17,0,3,0
323,190,25,4,1
324,6200,644,4200,0
325,6,0,0,0
326,5,0,0,0
327,5,0,1,0
328,5340,50,202,0
329,7,0,0,1
330,4,4,0,0
331,4439,14,144,0
332,4180,50,208,0
333,23,1,0,0
334,238,0,98,0
335,62,6,27,0
336,111,56,35,1
337,9,1,0,0
338,1,0,0,0
339,5,0,0,0
340,5800,6000,21000,1
341,25,6,0,0
342,9434,50,348,0
343,6,0,0,0
344,7450,8,47,0
345,60,43,8,0
346,19,3,3,0
347,19,0,0,0
348,10000,807,2200,0
349,27212,759,900,0
350,261,11,14,1
351,214,28,8,1
352,5,0,0,0
353,351,10,8,0
354,265,20,35,1
355,71138,50,2400,0
356,278,33,65,0
357,2500,241,3300,0
358,0,1,0,0
359,13,2,0,0
360,7,0,0,0
361,13,0,0,0
362,6,0,0,0
363,2,0,0,0
364,823,0,75,0
365,25,2,1,0
366,102,1,2,0
367,0,0,0,0
368,22,0,3,0
369,7,3,0,0
370,5,1,3,0
371,21000,476,2900,0
372,216,11,20,0
373,67,38,8,0
374,1,0,0,0
375,1300,86,4000,1
376,43,0,0,0
377,15,12,1,0
378,89,2,3,0
379,255,47,36,1
380,8400,1700,9100,0
381,80,13,5,0
382,0,0,0,1
383,1894,50,141,0
384,2,0,1,0
385,1,1,0,0
386,432,8,48,0
387,24,1,1,0
388,85,3,1,0
390,2,0,0,0
391,22,0,0,0
392,33,1,1,0
393,768,17,35,0
394,13,1,0,1
395,3,2,0,0
396,380,11,12,0
397,8,0,0,0
398,106,444,15,1
399,232,21,13,1
400,7,0,0,0
401,642,59,485,1
402,21,3,2,0
403,15,1,2,0
404,12000,493,2500,0
405,9,4,0,0
406,1,0,0,0
407,89,12,4,1
408,136,114,43,0
409,2887,68,22,0
410,8,0,1,0
411,0,0,0,0
412,0,0,0,0
413,9,0,0,0
414,162,32,14,1
415,9,0,0,0
416,3405,36,57,0
417,4300,260,4200,0
418,17,0,2,0
419,4,0,0,0
420,89,50,73,1
421,25,0,0,0
422,52,56,0,1
423,38,0,2,0
424,74,14,12,0
425,48,14,4,0
426,70,35,5,0
427,138,2,0,0
428,1,0,0,0
429,4,0,0,0
430,784,50,31,0
431,4100,3000,7400,0
432,170,22,33,0
433,692,28,44,0
434,242,9,1,0
435,4494,7,20,0
436,126,144,14,0
437,7361,50,436,0
438,6916,31,820,0
439,58,1,3,0
440,416,378,6800,0
441,58,1,6,0
442,1,0,0,0
443,1600,214,2300,0
444,3,0,0,0
445,2997,50,451,0
446,9100,683,3200,0
447,1,0,0,0
448,12,0,1,0
449,9,2,4,0
450,3,1,0,0
451,0,50,41,0
452,1015,9,1,0
453,10,2,3,0
454,434,11,11,0
456,4600,6,128,0
457,19,0,3,0
458,51,4,8,0
459,23,0,1,0
460,430,19,62,0
461,430,11,390,1
462,7,1,3,0
463,0,0,0,0
464,2361,50,178,0
465,2471,18,113,0
466,14,0,2,0
467,125,132,4400,1
468,35000,4000,5800,0
469,5344,50,88,0
470,7,3,1,0
471,90,3,9,0
472,56,21,4,0
473,28,1,2,0
474,7,0,0,0
475,1901,30,40,0
476,217,22,14,0
477,3400,2200,2100,0
478,0,0,0,0
479,55,1,7,0
480,50,3,23,1
481,52,0,1,0
482,3,1,0,0
483,376,19,57,0
484,4400,1500,6800,0
485,32,7,7,0
486,44,0,0,0
488,39,1,4,0
489,209,25,51,0
490,3793,19,1614,0
491,1,0,0,0
492,6,0,0,0
493,92,8,22,0
494,30,4,0,0
495,105,181,11,1
496,1100,518,4200,0
497,1829,50,208,0
498,4501,105,270,0
499,1,0,0,0
500,74,1,9,0
501,16,0,1,0
502,323,100,74,0
503,214,25,4,1
504,3,0,0,0
505,15054,155,371,0
506,16,5,1,0
507,48,6,74,0
508,7228,501,1342,0
509,54,3,2,0
510,3100,767,1300,1
511,6985,50,593,0
512,20,0,1,0
513,4,0,0,0
514,3152,50,57,0
515,16,0,0,0
516,40,3,0,0
517,130,35,9,0
518,2,0,0,1
519,606,23,104,1
520,4554,122,379,0
521,130,0,14,0
522,110,24,8,1
523,747,33,188,0
524,96,10,2,1
525,1650,6,56,0
526,24000,2900,5400,0
527,19,4,0,0
528,6,0,1,0
529,96,45,18,0
530,1539,13,75,0
531,123,65,3,1
532,1,0,0,1
533,27,10,6,0
534,37,72,17,0
535,15,2,0,1
536,7,3,0,0
537,49,5,10,0
538,9,0,0,0
539,4,0,1,0
540,133,57,83,0
541,10661,50,574,0
542,1,1,11,1
543,25203,211,292,0
544,8,1,1,0
545,0,27,103,0
546,6,3,0,1
547,1,0,0,0
548,1322,50,19,0
549,182,0,8,0
550,0,0,0,0
551,105,16,17,0
552,4712,50,249,0
553,4200,530,2300,0
554,5,5,1,0
555,1,0,0,0
556,563,50,14,0
557,151,52,47,0
558,69,1,9,0
559,21,0,2,0
560,10,0,0,0
561,4,3,0,1
562,360,273,504,1
563,271,33,14,1
564,61,5,7,0
565,115,32,20,1
566,7,0,0,0
567,39,1,1,0
568,15,0,0,0
569,2098,37,35,0
570,1500,3500,13000,1
571,8,0,0,0
572,52,15,6,0
573,28,3,3,0
574,7100,5900,13000,1
575,7843,20,156,0
576,131,2,7,0
577,32000,10000,25000,0
578,4982,28,255,0
579,0,0,0,0
580,64,14,12,1
581,78,17,3,1
582,0,1,0,0
583,1119,9,4,0
584,33,7,8,0
585,581,47,72,1
586,7,0,0,1
587,2,0,1,0
588,15,2,0,0
589,6,1,0,1
590,245,30,24,1
591,33,5,1,0
592,1587881185,24,1,0
593,8867,21,995,0
594,1779,9,32,0
595,2,0,0,0
596,16,6,2,0
597,828,79,34,1
598,25,0,0,0
599,14,4,1,0
600,5,0,0,0
601,9,0,2,0
602,52,13,4,0
603,1780,36,87,0
604,19,3,0,0
605,32000,2300,2600,0
606,31,54,14,1
607,801,31,104,0
608,291,22,19,1
609,8500,3400,19000,1
610,212,3,22,1
611,32,0,4,0
612,3,1,0,0
613,0,0,0,0
614,379,7,2,0
615,6337,50,1407,0
616,6500,834,2100,0
617,5,3,0,0
618,115,25,16,0
619,20,10,0,1
620,210,10,36,0
621,28412,1599,2150,0
622,5700,1800,4800,0
623,13,1,0,0
624,4,0,0,0
625,1,1,1,1
626,2,0,0,0
627,92,37,7,0
628,51,1,68,1
629,8,0,0,0
630,298,217,2200,1
631,4,0,0,0
632,2000,364,3000,0
633,10,0,0,0
634,3,0,0,0
635,292,132,429,1
636,2150,22,71,0
637,8815,35,120,0
639,68,9,4,0
640,2,0,0,1
641,1,0,0,0
642,37,10,1,0
643,4,3,0,0
645,24000,817,3100,0
646,19,18,7,1
647,35,3,0,1
648,63,0,24,0
649,9,11,2,0
650,6,2,1,1
651,30,1,0,0
652,22,8,1,0
653,25,1,63,1
654,479,0,39,0
655,832,14,44,0
656,3679,19,140,0
657,885,11,6100,1
658,239,14,20,1
659,172,5,8,0
660,19,2,1,1
661,49000,4300,7000,0
662,6200,1200,2200,0
663,634,6,1,0
664,0,0,0,1
665,85,3,4,0
666,2,0,0,0
667,12,0,3,1
668,62,48,6,1
669,12,1,1,0
670,12170,50,700,0
671,47,0,6,0
672,6,0,0,0
673,24,2,1,0
674,25,0,2,0
675,4605,13,190,0
676,16,1,0,0
677,83,109,6,0
678,27,18,4,1
679,19,14,4,0
681,38,0,4,0
682,67000,13000,22000,0
683,0,0,0,0
684,68,0,13,0
685,4,0,0,0
686,12,2,1,1
687,118,44,23,0
688,40,1,6,0
689,143,25,21,1
690,45,23,10,1
691,3,0,1,1
692,31427,50,7549,0
693,13000,766,2600,0
694,24,0,0,0
695,3,0,0,1
696,14,3,0,0
697,490,0,133,0
698,0,0,0,0
699,109,2,1,0
700,182,94,57,0
701,1,0,0,0
702,58,13,6,0
704,0,0,0,0
705,9,1,0,0
706,21,10,2,0
707,67,17,0,0
708,601,6,1,0
710,11,0,0,0
711,4,0,1,0
712,18,13,0,0
713,4979,29,69,0
714,7,0,0,0
716,239,5,2,0
717,1,0,0,0
718,587,734,2600,0
719,15,4,2,0
720,12,0,1,0
721,26000,3100,3000,0
722,125,19,10,0
723,32,2,0,0
724,6,0,0,0
725,5,0,0,0
726,5,2,0,0
727,49,8,6,0
728,24,2,4,0
729,18513,167,133,0
730,75,1,88,0
731,2,0,0,0
732,33,27,1,1
733,287,73,68,0
734,1809,8,48,0
735,7800,1600,2200,0
736,202,76,58,1
737,6,0,0,0
738,6155,50,825,0
739,108,63,8,0
740,4,0,0,0
741,27,0,1,0
742,16,0,0,0
743,0,0,0,0
744,1,0,0,0
745,5139,0,475,0
746,37,5,6,0
747,31,2,3,0
748,51,139,2,0
749,1,0,0,0
750,20,8,0,1
751,3,0,0,0
752,5,0,2,0
753,677,0,88,0
754,7474,50,325,0
755,3000,536,2500,0
756,44,9,4,0
757,16904,46,746,0
758,627,12,1,0
759,23,0,0,0
760,11156,50,618,0
761,18,0,1,0
762,18,4,2,0
763,3292,50,98,0
764,21,0,2,1
765,3,1,0,0
766,1,0,0,0
767,268,130,59,0
768,13,0,1,0
769,203,0,12,0
770,1,0,0,0
771,80,1,5,0
772,37,3,2,1
773,7134,37,711,0
774,590,50,51,0
775,10,1,1,0
776,314,3,71,0
777,0,0,0,0
778,3,0,0,0
779,0,1,0,0
780,2009,12,30,0
781,2,0,0,0
782,118,2,2,0
784,9,1,0,0
785,13,0,0,1
786,259,0,46,0
787,93,18,9,1
788,20000,3100,3400,0
789,7,0,1,0
790,5,0,0,0
791,32,10,1,0
792,5,0,0,0
793,536,10,19,0
794,2,0,0,0
795,16,0,0,0
796,6110,173,422,0
797,9,2,0,0
798,5263,29,68,0
799,1,0,0,0
800,53,0,12,1
801,0,0,0,0
802,309,231,86,0
803,607,0,2100,1
804,98,2,1,0
805,369,1,3,0
806,124,50,18,1
807,2344,50,186,0
808,3,0,1,0
809,333,31,50,0
810,53,0,71,1
811,55,0,5,0
812,1500,355,6800,1
813,4,1,0,0
814,45,82,1,0
815,1,0,0,0
816,16,2,0,0
817,6,0,0,0
818,11,0,0,0
819,25,1,2,0
820,241,180,573,1
821,16,5,2,0
822,96,0,11,0
823,54893,50,28885,0
824,5,6,1,0
825,143,4,21,0
826,50,16,0,0
827,8,1,3,0
828,15686,50,273,0
829,1690,16,46,0
830,50,19,8,0
831,6557,65,230,0
832,0,2,0,0
833,1,0,0,0
834,49,1,5,0
835,221,1,32,0
836,17,0,0,0
837,201,0,33,0
838,181,53,59,1
839,12,0,0,0
840,2,1,0,0
841,13,0,0,0
842,4,1,0,0
843,1410,0,322,0
844,5,0,0,0
845,974,80,190,1
846,18,3,2,0
847,35,0,5,0
848,11,6,0,0
849,38,42,0,1
850,2038,14,25,0
851,9,0,0,0
852,210,185,36,1
853,196,23,38,1
854,2000,934,2600,0
855,6,13,0,1
856,22000,423,2200,0
857,948,142,140,1
858,441,80,52,0
859,17,1,3,0
860,44,30,0,0
861,6,1,0,1
862,17,4,4,0
863,3,0,0,0
864,9,0,1,1
865,3,4,0,0
866,1882,50,471,0
867,11,2,1,0
868,132,0,61,0
869,4085,50,105,0
871,475,40,14,0
872,123,14,4,0
873,3007,15,46,0
874,427,41,631,1
875,3,0,0,0
877,24,1,0,0
878,2,0,0,0
879,2969,19,42,0
880,997,90,778,1
881,16,0,11,0
882,2,0,0,0
883,15,7,0,1
884,28,4,4,0
885,7,1,0,0
886,29,0,0,0
887,155,8,43,0
888,2,0,0,0
889,36,7,0,0
890,43,24,3,0
891,1211,0,275,0
892,97,18,3,0
893,368,16,21,0
894,6,0,0,0
895,28,1,2,0
896,7,1,0,0
897,33,2,10,0
898,34,0,3,0
899,35,5,12,0
900,16,0,0,0
901,52,0,1,0
902,60,23,10,1
903,36,14,19,1
904,6,0,0,0
905,2,0,0,1
906,2,0,0,0
908,666,32,3,0
909,2500,573,4000,1
910,3100,83,3500,0
911,13,1,5,1
912,1955,0,392,0
913,9289,50,184,0
914,1,0,0,0
915,15,0,0,0
916,25,1,1,0
917,115,30,20,1
918,2,0,1,0
919,6,0,3,0
920,13,2,0,0
921,43,4,1,0
923,13,2,4,1
924,6,0,1,0
925,5900,133,2800,0
926,39,6,1,0
927,11,0,1,0
928,35,2,1,0
929,70,0,4,0
930,3,0,0,0
931,188,5,1,0
932,10,1,0,0
933,6,1,0,0
934,3,0,0,0
935,117,1,11,0
936,11381,50,854,0
937,102,0,24,0
938,14,1,1,0
939,146,6,12,0
940,3,0,0,0
941,5,13,0,1
942,10,0,1,0
943,4,0,0,0
944,52,22,0,0
945,9673,48,268,0
946,19000,228,2500,0
947,124,60,10,1
948,130,6,26,0
949,0,0,0,0
950,5100,433,2600,1
951,3,0,0,0
952,55,34,1,0
953,4,0,2,0
954,2218,11,22,0
955,1354,50,2,0
956,37,9,1,0
957,91,92,8,0
958,378,168,4300,1
959,11,1,5,0
960,126,7,17,0
961,1200,522,4500,0
962,5600,1500,6500,0
963,24000,978,3200,0
964,212,274,30,1
965,0,0,0,0
966,2747,19,71,0
967,47,2,7,0
968,81,52,8,0
969,2,0,0,0
970,769,5,3,0
971,1200,835,2300,0
972,1,0,0,0
973,3927,27,101,0
974,33,6,4,0
975,637,10,68,0
976,4,5,0,0
977,233,131,67,0
978,153,13,23,0
979,23,22,35,1
980,125,3,9,0
981,12,0,5,0
982,1917,7,26,0
983,105,7,7,0
984,7,0,0,0
985,22,0,2,0
986,86,7,33,0
987,1000,1200,1500,1
988,13,1,1,0
989,31,10,3,0
990,0,0,0,0
991,12,2,4,1
992,10859,50,621,0
993,67,76,4,0
994,53,7,1,0
995,13,6,0,0
996,25000,1700,4900,0
997,10,1,1,0
998,1,0,0,0
999,14,1,1,0
1000,7,0,1,0
1001,0,0,0,1
1002,4,0,0,0
1003,45,17,0,0
1004,64,0,35,0
1005,2996,14,411,0
1006,8700,438,2300,0
1007,55,11,0,1
1008,129,2,6,0
1009,9,1,1,0
1010,7,2,0,0
1011,43,11,4,1
1012,6453,21,319,0
1013,21,78,2,0
1014,1,0,0,0
1015,3980,3,310,0
1016,10,0,3,0
1017,51,77,3,0
1018,1,0,1,0
1019,91,36,7,1
1020,15000,2300,4500,0
1021,5,0,0,0
1022,1,0,0,0
1023,94,0,49,0
1024,10,2,0,0
1025,54,89,6,0
1026,10075,141,372,0
1027,1273,7,31,0
1028,8,6,0,0
1029,28,3,6,0
1030,64,4,39,0
1031,700,7,8,0
1032,41,5,1,0
1033,19,0,1,0
1034,1127,50,32,0
1035,40000,1400,2600,0
1036,20,9,2,0
1037,8,8,1,0
1038,0,26,13,0
1039,10,0,3,0
1040,23000,1400,7900,1
1041,455,1,71,0
1042,13,0,2,0
1043,13000,468,17000,0
1044,68,1,6,0
1045,676,9,2300,1
1046,1,0,0,0
1047,5,0,0,0
1048,5,1,0,0
1049,112,45,20,0
1050,132,2,0,0
1051,1,0,0,1
1052,181,128,21,0
1053,6,7,0,1
1054,15,2,2,0
1055,0,0,0,0
1056,320,1,6,0
1057,19,2,0,0
1058,118,0,31,0
1059,375,29,62,1
1060,9,0,4,0
1061,9,0,0,0
1062,0,0,0,0
1063,2,0,0,0
1064,6526,120,339,0
1065,21,9,5,0
1066,25,1,5,0
1067,60,3,2,0
1068,66,0,13,0
1069,1800,50,2700,0
1070,0,1,1,0
1071,31,9,0,1
1072,6023,0,199,0
1073,25,6,4,0
1074,1,1,0,0
1075,80,15,3,1
1076,4349,8,297,0
1077,8401,50,7069,0
1078,10865,16,213,0
1079,11000,1000,11000,1
1080,5,2,1,0
1081,21,1,0,0
1082,1,1,0,0
1083,54,0,8,0
1085,114,33,4,0
1086,2099,75,187,0
1087,9,0,0,0
1088,1,0,0,0
1089,97,1,22,0
1090,278,44,34,0
1091,5400,2500,5300,1
1092,13,6,0,0
1093,136,15,5,1
1094,11,1,0,0
1095,7,1,0,0
1096,36,41,1,0
1097,13,16,1,0
1098,2,1,0,1
1099,2154,34,27,0
1100,209,12,2,0
1101,19000,1400,2600,0
1102,55000,22000,24000,0
1103,38,4,87,1
1104,5,0,0,1
1105,423,35,23,1
1106,369,50,7,0
1107,16,6,0,1
1108,1007,0,74,0
1109,367,43,14,0
1110,4,1,1,0
1112,0,0,0,0
1113,1,0,0,0
1114,30733,794,1954,0
1115,6265,50,192,0
1116,3,0,0,0
1117,1,0,0,0
1118,7334,37,199,0
1119,2,0,1,0
1120,1,0,0,0
1121,168,2,1,0
1122,3863,3,183,0
1123,0,0,0,0
1124,19,0,2,0
1125,0,7,15,0
1126,18,1,0,0
1127,26660,781,1174,0
1128,0,0,0,0
1129,149,64,28,0
1130,2,0,0,0
1131,17,0,0,0
1132,163,121,277,0
1133,108,0,21,0
1134,1,0,0,0
1135,4100,295,2400,0
1136,14,3,3,0
1137,3,6,0,1
1138,14,0,0,0
1139,631,13,133,0
1140,68,67,14,1
1141,25,17,2,0
1142,174,17,12,1
1143,3,0,0,0
1144,16,0,1,0
1145,23,0,0,0
1146,4412,67,274,0
1147,10000,342,2900,0
1149,8,0,1,0
1150,704,17,41,0
1151,6,0,0,0
1153,0,0,0,0
1154,0,0,0,0
1155,2567,8,692,0
1157,3000,298,6700,1
1158,69,0,26,0
1159,33,4,6,0
1160,164,21,25,0
1161,8012,50,28,0
1162,84,36,39,0
1163,107,3,6,0
1164,25,2,3,0
1165,0,0,0,0
1166,21,0,0,0
1167,7375,1280,1930,0
1168,0,0,0,0
1169,1765,0,313,0
1170,212,3,22,1
1171,4,2,0,0
1172,576,34,6,0
1173,24,2,1,0
1174,1500,246,573,1
1175,45,3,0,0
1176,19,3,2,0
1177,7,1,2,0
1178,177,11,7,0
1179,816,50,7,0
1180,10,2,0,0
1181,21,4,1,0
1182,144,52,21,0
1183,118,17,18,0
1184,0,1,0,0
1185,4,9,1,0
1186,2,0,0,0
1187,1,0,0,0
1188,144,0,1,0
1189,0,0,0,0
1190,165,11,20,0
1191,8,2,0,1
1192,35,25,26,0
1193,37,5,4,1
1194,4,0,0,0
1195,21,13,1,0
1196,20,0,9,0
1197,1,0,0,0
1198,33,18,9,0
1199,4956,13,311,0
1200,36,5,6,0
1201,135,60,63,0
1202,87,22,11,0
1203,209,0,32,0
1204,35,0,4,0
1205,85,4,18,0
1206,2896,50,203,0
1207,21120,50,3405,0
1208,276,62,34,1
1209,495,42,36,0
1210,34,0,9,0
1211,7486,50,264,0
1212,5,0,1,0
1213,15,6,0,0
1214,119,156,23,0
1215,47,2,4,0
1216,155,89,42,0
1217,657,4,3,0
1218,279,8,11,0
1219,6573,68,163,0
1220,29000,3000,13000,0
1221,0,0,2,0
1222,6900,930,2900,0
1223,36000,5500,6700,0
1224,24,10,1,0
1225,11,0,0,0
1226,10,1,0,0
1227,33,20,1,0
1228,36,0,12,0
1229,3,0,0,0
1230,7,0,1,0
1231,10000,1400,7100,1
1232,17,0,6,0
1233,3579,50,78,0
1234,2,0,0,0
1235,8369,50,970,0
1236,15,3,0,0
1237,8,1,1,0
1238,61,6,4,0
1239,32000,2900,2300,0
1241,12,0,6,0
1242,20000,2200,2400,0
1243,8533,41,618,0
1244,0,0,0,0
1245,13,0,1,0
1246,68000,844,2100,0
1247,22,9,0,0
1248,12,7,0,0
1249,5,1,0,0
1250,317,32,25,1
1251,6,0,1,1
1252,2,1,0,1
1253,1,0,0,0
1254,147,185,33,0
1255,13,6,0,0
1256,924,0,438,0
1257,30000,13000,13000,0
1258,37,9,1,1
1259,2,1,0,0
1260,9,1,0,0
1261,5,0,0,0
1262,3404,50,221,0
1263,48,0,1,0
1264,6700,1000,4200,0
1265,1100,20,389,1
1266,22,0,1,0
1267,5126,146,83,0
1268,147,1,1,0
1269,7,9,0,1
1270,30,11,1,1
1271,18,4,0,0
1272,0,0,1,0
1273,8792,308,1246,0
1274,188,12,34,0
1275,57000,2600,5500,0
1276,11,4,10,0
1277,6,0,0,0
1278,22,2,0,0
1279,13,1,2,0
1280,7,3,1,0
1281,19,0,1,0
1282,12,2,0,0
1283,46000,2900,3400,0
1284,80,30,9,0
1285,7,0,1,0
1286,22,1,1,0
1287,1500,69,136,1
1288,101,140,14,0
1289,1500,541,2400,1
1290,12615,1609,4330,0
1291,40,22,2,1
1292,69,22,0,0
1293,2,0,0,0
1294,37,0,2,0
1295,219,32,26,0
1296,1455,36,25,0
1297,244,1,18,0
1298,62,0,7,0
1299,167,1,2,0
1300,16,0,7,0
1301,13,1,0,0
1302,884,2,7300,1
1303,215,3,1,0
1304,166,15,5,1
1305,10000,508,3700,0
1306,4,0,0,0
1307,197,2,22,0
1309,3223,45,59,0
1310,15,20,0,0
1311,2900,468,3300,0
1312,19,11,0,0
1313,85,5,30,0
1314,4000,509,2200,1
1315,497,0,97,0
1316,17000,918,2200,0
1317,9,0,3,0
1318,364,50,71,0
1319,0,0,0,0
1320,282,37,18,0
1321,84,36,9,0
1322,2,0,1,0
1323,6500,8200,6100,0
1324,14,2,0,0
1326,26,1,3,0
1327,20,4,1,0
1328,1900,309,294,1
1329,3,0,1,1
1330,198,7,7,0
1331,5499,50,79,0
1332,15000,1000,4100,0
1333,9934,16,6,0
1334,4,0,3,0
1335,160,0,35,0
1336,641,3,4,0
1337,22,1,6,0
1338,210,35,12,1
1339,2,1,0,0
1340,5505,34,374,0
1341,9,0,6,0
1342,244,42,51,0
1343,159,7,20,0
1344,29,0,1,0
1345,489,66,190,1
1346,54,8,137,1
1347,19,0,0,0
1348,4,0,0,0
1349,290,13,32,1
1350,2,0,0,0
1351,0,0,0,0
1352,105,53,27,1
1353,13,0,2,1
1354,7656,50,0,0
1355,24,5,1,1
1356,0,0,0,0
1357,1,0,0,0
1358,251,216,185,1
1360,5391,48,560,0
1361,1744,2,23,0
1362,1,1,0,0
1363,19000,1300,6100,1
1364,54,1,0,0
1365,1234,5,35,0
1366,2,0,1,0
1367,4700,1500,3400,0
1368,20,8,26,1
1369,2109,12,218,0
1370,24,1,5,0
1371,3,0,0,0
1372,16,12,1,0
1373,7970,16,205,0
1374,186,0,61,0
1375,2,0,0,0
1376,20,8,0,1
1377,0,0,0,0
1378,1772,50,44,0
1379,113,4,4,1
1380,43,7,7,0
1381,46,2,1,0
1382,128,9,2,1
1383,244,2,15,0
1384,581,0,51,0
1385,7,0,1,0
1386,355,15,34,0
1387,118,28,22,0
1388,2000,941,3200,0
1390,6,0,0,0
1391,66,17,1,0
1392,161,28,3,0
1393,172,7,3,0
1394,4708,7,33,0
1395,173,10,27,1
1396,43,0,8,0
1397,10,24,3,1
1398,7,0,0,0
1399,13097,50,1096,0
1400,1,0,0,0
1401,10,0,0,0
1402,35,0,2,0
1403,251,75,53,0
1404,227,3,108,0
1405,3,0,0,0
1406,4,0,0,0
1407,32323,50,3029,0
1408,0,0,0,0
1409,61,44,6,1
1410,90,3,1,0
1411,1,0,0,0
1412,41,11,9,1
1413,13,0,0,0
1414,853,20,2400,1
1415,1,0,0,0
1416,2,1,1,1
1417,7,0,2,0
1419,20,6,1,0
1420,2,0,0,0
1421,3180,47,116,0
1422,166,115,49,0
1423,42,0,8,0
1424,6,1,0,0
1425,1,0,0,0
1426,1,0,0,0
1427,31,159,6,0
1428,205,10,5,1
1429,4,0,1,0
1430,16,0,7,0
1431,3,0,1,0
1432,3272,0,669,0
1433,139,7,27,1
1434,76,15,31,0
1435,17,8,3,1
1436,2,0,0,0
1437,103,1,2,0
1438,45,5,1,0
1439,25,11,2,0
1440,2,0,0,0
1441,0,0,1,0
1442,22,0,1,0
1443,436,19,19,0
1444,145,4,1,0
1445,9,0,0,0
1446,1694,50,112,0
1447,0,0,2,0
1448,28,3,5,0
1449,12,2,0,0
1450,5,0,1,0
1451,10,0,0,0
1452,111,141,14,1
1453,11,11,5,0
1454,1888,50,89,0
1455,10,0,0,0
1456,25,9,9,0
1457,6500,92,494,0
1458,0,0,0,0
1459,46000,607,2700,0
1460,3,1,0,0
1461,73,50,11,0
1462,59,46,1,0
1463,3,18,0,0
1464,259,1,74,0
1465,0,0,0,0
1466,455,8,2,0
1467,6,0,0,0
1468,6,1,0,0
1469,207,125,18,0
1470,23551,50,459,0
1471,1,0,0,0
1472,351,0,69,0
1473,6193,4,357,0
1474,0,0,0,0
1475,18,0,2,0
1476,10,1,0,0
1477,2563,106,110,0
1478,2575,9,49,0
1479,530,38,13,1
1480,284,3,53,0
1481,3,0,0,0
1482,2,0,0,0
1483,74,4,2,0
1484,10202,130,748,0
1485,21,0,1,0
1486,468,35,23,1
1487,74,6,1,1
1488,113,18,18,0
1489,7400,267,2500,0
1490,7200,870,3000,0
1491,175,0,13,0
1492,235,30,24,1
1493,2290,45,55,0
1494,11928,50,85,0
1495,15,1,0,0
1496,5488,50,196,0
1497,325,56,417,1
1498,3,0,1,0
1499,570,0,37,0
1500,85,4,11,0
1501,949,85,182,0
1502,0,0,0,0
1503,689,50,50,0
1504,13,0,0,0
1505,79,2,3,0
1506,3800,899,11000,1
1507,8200,1500,2900,0
1508,12,0,3,0
1509,155,0,6,0
1510,14018,294,725,0
1511,66,2,5,0
1512,187,275,3200,1
1513,4,0,0,0
1514,3618,87,23,0
1515,2,0,0,0
1516,144,38,99,0
1517,7,0,0,0
1518,9,0,0,0
1519,13,0,2,0
1520,7200,921,5200,0
1521,67,8,2,0
1522,10,1,0,0
1523,22,1,1,0
1524,34,0,1,0
1525,216,0,37,0
1526,22,6,8,1
1527,39,3,2,0
1528,8938,48,134,0
1529,3034,42,140,0
1530,101,75,6,0
1531,5485,50,1077,0
1532,1,0,0,0
1533,569,350,1400,1
1534,579,826,4500,1
1536,118,27,48,0
1537,6,3,0,1
1538,2,0,0,0
1539,61,0,5,0
1540,7,3,0,0
1541,91,9,222,1
1542,106,93,15,1
1543,100,13,2,1
1544,53,7,5,0
1545,52,1,11,0
1546,2,0,0,0
1547,3988,40,99,0
1548,75,7,0,0
1549,465,58,167,1
1550,51392,12,4486,0
1551,233,12,24,1
1552,4,0,0,0
1553,1400,471,7000,0
1554,56,19,9,0
1555,69,15,19,0
1556,124,5,46,0
1559,1,0,0,0
1560,3100,734,2100,0
1561,20,0,6,0
1562,18,1,1,0
1563,13000,1100,9100,1
1564,0,0,0,0
1565,10,0,0,1
1566,85,0,4,0
1568,45,1,3,0
1569,402,50,14,0
1570,35,8,0,0
1571,6437,50,786,0
1572,77,17,12,0
1573,30,10,6,0
1574,97,1,15,0
1575,298,10,28,1
1576,16,0,0,0
1577,34000,3500,4000,0
1578,244,17,10,0
1579,473,26,4,0
1580,10,2,0,0
1581,13,14,0,0
1582,3,1,0,0
1583,207,184,13,0
1584,538,6,18,0
1585,10,4,2,0
1586,179,28,1100,1
1587,23,8,4,1
1588,46,20,1,0
1589,173,7,30,0
1590,12382,407,520,0
1591,3,0,0,0
1592,8600,1800,5700,0
1593,4,1,0,0
1594,43,41,6,0
1595,4,0,1,0
1596,294,314,51,1
1597,37,1,11,0
1598,11,0,9,0
1599,3,2,1,0
1600,4153,44,394,0
1601,4,0,0,0
1602,5,0,2,0
1603,7,0,0,0
1604,1,0,0,0
1605,4,1,0,0
1606,5,0,0,0
1607,2,0,0,0
1608,3,0,0,0
1609,3,1,0,0
1610,737,21,83,0
1611,33,2,1,0
1612,5200,578,3500,0
1613,18,3,1,0
1614,11,0,0,0
1615,7082,22,237,0
1616,8,0,0,1
1617,4,0,0,0
1618,40,3,0,0
1619,10833,31,681,0
1620,1989,9,86,0
1621,233,5,13,0
1622,42,0,1,0
1623,35,10,6,0
1624,19000,2600,9000,0
1625,682,13,35,0
1626,284,5,14,0
1627,8,0,0,0
1628,1,0,0,0
1629,6066,50,701,0
1630,2043,32,122,0
1631,928,2500,5200,0
1632,16,7,0,0
1633,2,0,0,0
1634,3312,983,638,1
1635,1,0,0,0
1636,3,0,0,0
1637,86,0,7,0
1638,1268,16,183,0
1639,152,5,11,0
1640,4,1,0,1
1641,4700,2100,3400,0
1642,16,0,1,0
1643,6,1,0,0
1644,17,6,3,0
1645,5,1,0,0
1646,10690,142,284,0
1647,15,2,0,0
1648,5,0,1,0
1649,178,51,7,0
1650,4,0,0,0
1651,29,13,0,1
1652,23,10,0,1
1653,1653,50,184,0
1654,3,1,0,1
1655,34,0,6,0
1656,363,34,7,1
1657,51,14,6,0
1658,24,21,0,0
1659,3,0,0,0
1660,0,0,0,0
1661,2,0,0,0
1662,1402,29,344,0
1663,1282,120,241,1
1664,935,117,35,0
1665,68,19,0,0
1666,14,0,3,0
1667,296,89,78,1
1668,110,8,19,0
1669,8,0,0,0
1670,4,0,1,1
1671,1,0,0,0
1672,5,0,0,0
1673,13,0,0,0
1674,17,14,4,0
1675,37,14,60,1
1676,7252,50,118,0
1677,54,8,0,0
1678,1265,2,72,0
1679,1,0,0,0
1680,373,15,57,0
1681,21,0,1,0
1682,1,0,0,0
1683,159,1,25,0
1684,96,15,21,0
1685,33,8,2,0
1686,7,0,0,0
1687,105,1,3,0
1688,38,5,5,0
1689,3118,0,169,0
1690,942,50,35,0
1691,160,0,4,0
1692,833,50,38,0
1693,19327,50,1439,0
1694,13,0,0,0
1695,7,1,0,0
1696,46,14,4,0
1697,7,1,0,0
1698,251,66,21,1
1699,144,27,8,1
1701,120,31,2,1
1702,32,27,0,0
1703,4,2,0,0
1704,65,6,19,0
1705,7111,50,272,0
1706,3057,50,895,0
1707,10,2,0,0
1708,20000,242,2100,0
1709,12,1,3,0
1710,15,0,0,0
1711,17,1,1,0
1712,2100,49,953,1
1714,9,0,0,0
1715,13,0,0,0
1716,15980,50,1784,0
1717,72,3,6,0
1718,0,0,0,0
1719,9,0,1,1
1720,5,0,0,1
1721,24,2,0,0
1722,1,0,1,0
1723,4,0,0,0
1724,4,0,0,0
1725,137,44,46,0
1726,325,52,69,0
1727,11,4,1,1
1728,9821,50,265,0
1729,54,9,5,0
1730,2100,1500,3000,0
1731,182,2,29,0
1732,1,0,2,0
1733,20,8,10,0
1734,3,0,0,0
1735,125,16,15,0
1736,7,0,1,0
1737,44,8,4,0
1738,6,3,3,0
1739,10,0,0,0
1740,8,4,0,0
1741,24,1,0,0
1742,12000,3500,4600,0
1743,8,0,2,0
1744,13,15,0,1
1745,18,11,2,0
1746,22484,50,1540,0
1747,4000,384,7800,0
1748,43,2,2,0
1749,0,0,0,0
1750,9,7,2,0
1752,2353,20,707,0
1753,8,0,0,1
1754,4100,75,3100,0
1755,7,3,1,0
1756,2089,50,144,0
1757,15000,323,3800,0
1758,6,1,0,1
1759,72,22,13,1
1760,1,0,0,0
1761,6,1,0,0
1762,9,12,0,0
1763,3,0,1,1
1764,7078,36,866,0
1765,89,227,12,1
1766,6200,4000,16000,1
1767,2,0,0,0
1768,1700,1600,4800,0
1769,36,1,0,0
1770,1800,95,2100,0
1771,3,1,1,0
1772,0,0,1,0
1773,92,7,5,0
1774,69,1,5,0
1775,85,249,15,0
1776,7,1,0,0
1777,4,10,0,0
1778,366,34,32,1
1779,4100,602,13000,1
1780,2400,745,2100,0
1781,3800,1200,3300,0
1782,0,0,0,0
1783,4100,1400,2000,0
1784,7,0,0,0
1785,6007,50,1136,0
1786,49,2,0,0
1787,2111,11,46,0
1788,39,0,6,0
1789,5,0,2,0
1790,3,0,1,0
1791,43,6,7,0
1792,30,55,4,0
1793,11000,3100,16000,0
1794,6,0,0,0
1795,5166,50,139,0
1796,104,23,24,0
1797,14,0,2,0
1799,6,0,1,0
1800,5254,50,2685,0
1801,6900,955,2600,0
1802,10701,23,1021,0
1803,343,17,117,0
1804,70,17,7,0
1805,6,1,0,0
1806,1322,50,36,0
1807,135,22,8,1
1808,1,0,0,0
1809,31000,1500,2400,0
1810,6,4,4,0
1811,6700,522,4600,1
1812,615,0,100,0
1813,37,16,0,1
1814,369,5,4,0
1815,2,0,0,0
1816,41,0,0,0
1817,5,0,0,0
1818,329,20,40,0
1819,10,0,0,0
1820,1246,8,4,0
1821,2,0,0,0
1822,198,39,20,1
1823,3,0,0,0
1824,4,2,2,0
1825,114,22,9,0
1826,2,2,0,1
1827,172,61,12,1
1829,840,3,2,0
1830,78,3,14,0
1831,2,0,0,0
1832,43,7,0,0
1833,10000,1000,2200,0
1835,427,0,36,0
1836,1,0,0,0
1837,17000,577,3900,0
1838,1,0,0,0
1839,3,0,0,0
1840,270,9,0,0
1841,3400,7200,15000,0
1842,1100,4100,2600,0
1843,1,0,0,0
1844,774,35,46,0
1845,9,1,1,0
1846,3,0,0,0
1847,125,0,2,0
1848,592,50,5,0
1849,54000,6200,10000,0
1850,16,10,0,0
1851,3000,3400,6700,1
1852,1,0,0,0
1853,10,0,0,0
1854,50,5,0,0
1855,24,2,3,0
1857,5200,238,2100,0
1858,0,0,0,0
1859,3009,94,446,0
1860,13,0,1,0
1861,15,3,8,0
1862,6,31,0,0
1863,29,1,9,0
1864,182,15,1,0
1865,266,2,18,0
1866,26,1,18,0
1867,1243,329,128,1
1868,14,0,2,0
1869,158,12,0,0
1870,847,146,55,0
1871,3800,450,2300,0
1872,7,1,0,0
1873,662,66,93,0
1874,7,0,1,1
1875,0,0,0,0
1876,11,0,0,0
1877,3000,51,2200,0
1878,562,0,50,0
1879,94,13,9,1
1880,1,0,0,0
1881,103,194,39,1
1882,229,9,20,0
1883,29,7,3,0
1884,5421,116,97,0
1885,4952,60,150,0
1886,18,1,1,0
1887,8360,177,1503,0
1888,2,0,0,0
1889,26,2,4,1
1890,3667,50,86,0
1891,2,0,1,0
1892,4,0,0,0
1893,32000,1400,2900,0
1894,76,10,1,0
1895,2,0,0,0
1896,23,6,0,1
1897,48,34,2,1
1898,23,10,0,0
1899,161,27,14,0
1900,30000,1700,23000,0
1901,0,0,0,0
1902,348,54,189,0
1903,2370,50,47,0
1904,2,0,1,0
1905,60049,50,1651,0
1906,94,3,16,0
1907,19,12,2,0
1908,158,6,5,0
1909,201,2,14,0
1910,57,2,4,0
1911,14894,316,528,0
1912,5,0,0,0
1913,10,1,1,0
1914,11295,47,741,0
1915,1,1,0,0
1916,1423,12,31,0
1917,6,0,1,1
1918,2,0,0,0
1919,166,235,50,0
1920,1017,97,53,0
1921,15,0,6,0
1922,2500,1100,3900,0
1923,21,1,4,0
1924,1592283607,4,0,0
1925,21,11,1,1
1926,1834,50,38,0
1927,0,0,0,0
1928,4948,14,105,0
1929,4,0,1,0
1930,227,14,45,1
1931,131,11,0,0
1932,10000,1000,10000,0
1933,1098,17,68,0
1934,24,0,11,0
1935,189,27,24,0
1936,4,1,1,0
1937,771,211,4600,1
1938,4,0,0,0
1939,1,0,1,0
1940,207,15,26,0
1941,16,1,3,0
1943,14,6,1,0
1944,21,0,0,1
1945,10,0,1,0
1946,134,11,7,0
1947,0,0,0,1
1948,560,3,56,0
1949,54000,17000,32000,1
1950,13,0,0,1
1951,3,4,1,0
1952,6,0,0,0
1953,32,0,1,0
1954,716,20,11,0
1955,2,0,0,0
1956,6,0,0,0
1957,9,7,2,0
1958,8334,2,701,0
1959,91000,2600,18000,0
1960,18,0,6,0
1961,14,0,2,0
1963,2783,50,62,0
1964,78,5,0,0
1965,38,31,5,0
1966,0,0,0,0
1967,29,0,5,0
1968,29,11,6,1
1969,29,16,17,0
1970,101,2,3,0
1971,129,2,28,0
1973,4,1,1,1
1974,16,1,0,0
1975,19,10,0,0
1976,176,107,35,0
1977,11922,50,138,0
1978,482,316,300,1
1979,37,0,11,0
1980,11,0,2,0
1981,35,1,0,0
1982,38,4,0,0
1984,1130,0,450,0
1985,27,9,3,1
1986,2,1,0,1
1987,609,44,333,0
1988,47,3,1,0
1989,172,175,37,1
1990,31000,10000,17000,0
1991,45,10,6,0
1992,1900,1100,2900,0
1993,2540,50,206,0
1994,7,0,3,0
1995,3,0,0,0
1996,110,1,9,0
1997,245,15,45,0
1998,111,20,10,1
1999,0,0,0,0
2000,19,0,0,0
2001,0,0,0,0
2002,779,0,124,0
2003,62,8,13,0
2004,2,0,2,0
2005,35000,2000,2200,0
2006,0,3,0,0
2007,357,121,18,1
2008,60172,50,4243,0
2009,7,0,0,0
2010,82,1,5,0
2011,8,0,0,0
2012,4,1,0,0
2013,36,2,10,1
2014,14,0,0,0
2015,11000,1500,3900,0
2016,455,15,133,0
2017,7400,1100,2100,0
2018,30719,50,8382,0
2019,1,0,0,0
2020,4,0,0,0
2021,7,0,0,0
2022,41000,3600,4400,0
2023,4,0,0,0
2024,115,0,0,0
2026,5,0,0,0
2028,8,5,0,0
2029,52,29,4,0
2030,31,0,0,0
2031,0,0,0,0
2032,19,27,0,1
2033,4300,263,2500,0
2034,7,6,0,0
2035,68000,8800,9700,0
2036,3,0,1,0
2037,7800,135,2100,0
2038,13,27,3,0
2039,7891,50,188,0
2040,43,4,4,0
2041,604,14,97,0
2042,4,0,1,0
2043,11,0,0,0
2044,3,0,1,0
2045,38,20,1,0
2046,6619,43,104,0
2047,64,0,6,0
2048,38,4,0,1
2049,39,3,7,0
2050,447,3,9,0
2051,241,9,22,0
2052,214,12,5,1
2053,2618,98,187,0
2054,1,0,0,0
2055,4,0,0,0
2056,562,50,14,0
2057,5,0,0,0
2058,0,0,2,0
2059,4,0,0,0
2060,24,10,4,1
2061,4834,50,2332,0
2062,2,0,0,0
2063,14,4,0,0
2064,4,0,0,0
2065,290,15,3,0
2066,9,0,0,0
2067,6,0,0,0
2068,1198,4,38,0
2069,219,4,23,0
2070,3849,78,198,0
2071,595,0,95,0
2072,0,0,0,0
2073,3500,16,2900,0
2075,108,34,44,0
2076,90,45,2,1
2077,683,29,119,0
2078,122,4,9,0
2079,2,0,0,0
2080,25,6,0,0
2081,35,0,11,1
2082,5,3,0,0
2083,794,7,305,0
2084,1200,174,830,1
2085,32,0,11,0
2086,1,0,0,0
2087,5,0,1,0
2088,6,0,0,0
2089,3600,1100,3200,0
2090,10000,527,5200,0
2091,306,3,82,0
2092,5300,1500,5600,0
2093,18,27,2,0
2094,266,0,71,0
2095,49,8,8,1
2096,10576,1118,4705,0
2097,1,0,1,0
2098,34,17,9,1
2099,5,0,1,0
2100,4,1,0,0
2101,400,92,28,1
2102,3,0,2,0
2103,129,140,17,1
2104,212,14,11,0
2105,10,1,0,0
2106,202,0,37,0
2107,250,29,21,0
2108,9,0,0,0
2109,186,33,20,0
2110,22,4,0,0
2111,1156,1,24,0
2112,433,50,52,0
2113,73,0,12,0
2114,14,4,0,0
2115,62,78,8,0
2116,6766,10,306,0
2117,15,0,3,0
2118,5,0,1,0
2119,4,0,0,0
2120,7,1,0,0
2121,15,5,1,0
2122,183,4,33,0
2123,643,0,59,0
2124,384,25,61,1
2125,2,0,0,0
2126,8,0,3,0
2127,3,0,0,0
2128,77,8,3,0
2129,7,0,1,0
2130,5,2,2,0
2131,19,7,2,0
2132,2555,50,106,0
2133,3,3,0,0
2134,74,5,10,1
2135,0,0,0,0
2136,57000,4900,3000,0
2137,167,159,35,0
2138,2,0,0,0
2139,113,0,9,0
2140,116,106,15,1
2141,11,1,2,0
2142,12,4,0,0
2143,12921,179,960,0
2144,15,7,1,0
2145,104,13,24,0
2146,19,3,47,1
2147,32000,3100,7500,0
2148,3,0,0,0
2149,36386,4689,1481,0
2150,3,0,0,0
2151,221,0,89,0
2152,8,0,0,0
2153,3,2,1,1
2154,15,2,1,0
2155,2,0,0,0
2156,4,0,2,0
2157,1,0,0,0
2158,7,0,0,0
2159,211,20,4,1
2160,35181,50,1997,0
2161,5,0,2,0
2162,251,13,32,0
2164,834,50,47,0
2165,3,0,0,0
2166,3,2,0,0
2167,28,0,4,0
2168,47,0,1,0
2169,181,6,0,0
2170,418,18,29,1
2171,2,0,0,0
2172,41,3,4,0
2173,102,117,38,1
2174,11,0,0,0
2175,53,43,7,1
2176,36,0,2,0
2177,5657,12,325,0
2178,4,2,27,1
2179,84,36,7,0
2180,248,77,163,1
2181,16,4,0,0
2182,5123,3,148,0
2184,52,0,5,0
2185,235,42,7,0
2186,24,1,1,0
2187,0,0,0,0
2188,194,21,1,0
2189,108,10,21,0
2190,658,7,112,0
2191,8,0,0,0
2192,12,1,2,0
2193,1,0,0,0
2194,19,0,2,0
2195,176,24,21,1
2197,448,63,21,0
2198,12,0,0,0
2200,84,35,12,1
2201,5562,103,94,0
2202,196,59,14,1
2203,99,85,92,0
2204,1,0,0,0
2205,236,191,15,0
2206,16,12,5,1
2207,29,3,2,0
2208,2,0,0,0
2209,11,2,0,0
2210,161,4,14,0
2211,358,15,20,0
2212,1170,50,301,0
2213,4,3,3,0
2214,2,2,0,1
2217,13937,50,671,0
2218,2,0,0,0
2219,5,3,1,0
2220,4,3,0,0
2222,26,6,17,0
2223,2,0,0,0
2224,1,2,1,0
2225,160,13,60,1
2226,0,0,0,0
2227,335,3,14,0
2228,3319,50,239,0
2229,11,1,0,0
2230,51,27,2,0
2231,0,0,0,0
2232,109,6,7,0
2233,4,0,0,0
2234,12,16,0,1
2235,1400,396,6700,1
2236,80,13,7,0
2237,2376,11,1439,0
2238,34,19,0,0
2239,68,0,28,0
2240,3,3,1,1
2241,869,187,4900,1
2242,3000,2000,5200,1
2243,40,3,60,0
2244,249,1,41,0
2245,1848,9,53,0
2246,34,2,1,0
2247,60,61,4,1
2249,2,2,0,0
2250,5649,21,304,0
2251,40,21,9,1
2252,56,10,2,0
2253,32,31,3,0
2254,10000,2500,5300,0
2255,58,1,3,0
2256,51,31,9,0
2257,1,0,0,0
2258,3600,714,2300,0
2259,9,0,0,0
2260,15,12,3,0
2261,0,10,138,0
2262,39,25,5,0
2263,39,17,9,0
2264,29,6,3,1
2265,14,0,1,0
2266,1200,1300,5800,1
2267,155,0,33,0
2268,0,0,0,0
2269,379,50,35,0
2270,12000,503,3900,0
2271,158,226,39,1
2272,2136,25,47,0
2273,13000,422,2200,0
2274,0,0,0,0
2275,4048,83,94,0
2276,3708,0,959,0
2277,3033,327,345,0
2278,319,8,26,0
2280,18,3,0,0
2281,6900,1600,3000,0
2282,1942,33,32,0
2283,4,0,1,0
2284,930,12,160,0
2285,11000,1100,3500,0
2286,101,69,6,0
2287,48,5,2,0
2288,10,8,0,0
2289,56,25,6,1
2290,27,1,2,0
2291,17098,316,316,0
2292,15,0,1,0
2293,2,0,0,0
2294,17723,50,1550,0
2295,0,0,0,0
2296,2898,50,142,0
2297,9400,1100,8400,0
2298,1200,97,114,1
2299,6,0,3,0
2300,15,3,1,0
2301,312,6,3,0
2302,81,6,6,1
2303,15,1,3,0
2304,606,11,35,0
2305,589,41,151,0
2307,114,19,2,0
2308,2800,1700,3800,0
2309,62,3,12,0
2310,18,1,0,1
2311,145,0,39,0
2312,38,1,6,0
2313,8,0,3,0
2314,0,0,0,0
2315,0,0,0,0
2316,145,4,12,0
2317,4800,975,2100,1
2318,2000,596,8300,1
2319,28,2,3,0
2320,7,0,1,0
2321,56,60,3,1
2322,617,72,73,1
2323,161,4,32,0
2325,7,0,0,0
2326,5,0,0,0
2329,7,0,0,0
2330,75,3,5,0
2331,148,0,93,0
2332,2708,119,29,0
2333,33,2,2,0
2334,23,17,9,0
2335,3,6,1,0
2336,14,0,0,0
2337,24000,650,2700,0
2338,11,0,1,0
2339,167,2,0,0
2340,33,0,2,0
2341,5957,50,270,0
2342,1200,66,4900,1
2343,4,0,0,0
2344,29000,3800,7700,1
2345,26000,2200,4600,0
2346,473,2,44,0
2347,9,2,0,0
2348,19,0,0,0
2349,53,9,26,1
2351,4,4,1,0
2353,11,1,3,1
2354,2504,6,44,0
2355,2000,201,2700,1
2356,5262,1,75,0
2357,9,1,0,0
2358,2700,640,12000,1
2360,266,322,2300,1
2361,0,0,40,0
2362,2,0,0,0
2363,91,25,23,0
2364,4,0,0,1
2365,28,3,1,0
2366,17988,22,1422,0
2367,4,3,0,0
2368,33,1,7,0
2369,194,54,632,1
2370,33,1,2,0
2371,76,25,5,0
2372,1,0,0,0
2373,63,9,9,0
2374,3400,87,2300,0
2375,16,2,4,1
2376,17642,50,7243,0
2377,81,6,3,0
2378,22,16,1,0
2379,0,0,0,0
2380,809,20,46,0
2381,0,0,1,0
2382,33,0,0,0
2383,3,1,0,1
2384,0,0,0,0
2385,28,6,23,1
2386,16124,623,1471,0
2387,6,2,0,0
2388,12,0,0,0
2389,759,268,2100,0
2390,1,0,0,1
2391,3,1,1,0
2392,17371,50,708,0
2393,14,1,3,0
2394,2,0,0,0
2395,3,0,0,0
2396,14000,1000,8600,0
2398,3100,1600,3000,0
2399,108,12,2,0
2400,556,19,93,0
2401,133,9,8,0
2402,18,7,3,0
2403,488,77,2800,0
2404,5500,636,11000,0
2405,10000,1800,4100,0
2406,3,0,0,0
2407,2500,221,2600,0
2408,2,0,0,0
2409,832,154,67,1
2410,96,4,6,0
2411,423,4,4,0
2413,2600,585,2300,0
2414,0,0,0,0
2415,46,0,1,0
2416,14,1,4,0
2417,64,22,9,0
2418,3,0,1,0
2419,86,8,11,0
2420,0,0,0,0
2421,1179,31,35,0
2422,2535,39,79,0
2423,35,6,2,0
2424,360,0,66,0
2425,12000,1800,3400,0
2426,12,5,0,0
2427,1,0,0,0
2428,30,6,0,0
2429,9,0,0,0
2430,4,0,0,0
2431,11000,239,2100,0
2432,25000,3900,10000,0
2433,78,8,0,1
2434,2000,168,4800,1
2435,1,0,0,0
2436,8654,76,121,0
2437,3,0,0,0
2438,4,2,0,1
2439,29,5,1,0
2440,1,0,0,0
2441,8,1,2,1
2442,6,5,1,0
2443,566,207,9200,1
2444,108,1,1,0
2445,38,33,5,0
2447,56,13,0,0
2448,765,364,2500,0
2449,1,0,0,0
2450,0,0,0,0
2451,11,0,0,0
2452,2401,22,176,0
2453,801,461,2900,1
2454,23286,563,714,0
2455,9,0,0,0
2456,8,0,0,0
2457,3162,30,44,0
2458,261,26,2,0
2459,298,10,28,1
2460,11,1,3,0
2461,49,0,2,0
2462,2,0,0,0
2463,22,5,1,1
2464,3878,31,75,0
2465,2,0,0,0
2466,16,0,0,0
2467,73,2,0,0
2468,30,0,4,0
2469,20,1,1,0
2470,4,0,0,0
2472,37,4,1,0
2473,61,10,7,0
2474,2,0,0,0
2475,5413,291,127,0
2476,215,31,31,0
2477,286,265,44,0
2478,3800,3700,7400,0
2479,26,7,2,0
2480,506,134,85,0
2481,5,0,1,0
2482,115,2,2,0
2483,35,8,0,0
2484,12446,125,321,0
2485,8,0,0,0
2486,21,13,5,0
2487,10,0,0,0
2488,25,6,2,0
2489,9,0,2,0
2490,18,7,4,0
2491,174,13,44,0
2492,72,4,7,1
2493,571,0,94,0
2494,3,0,0,0
2495,123,33,7,0
2496,4,0,0,0
2497,18,1,6,0
2499,3500,1400,4000,0
2500,1800,1200,5000,0
2501,30,2,14,0
2502,1,0,0,0
2503,1,0,0,0
2504,18,2,3,0
2505,567,13,31,0
2506,19,0,1,0
2507,166,4,21,1
2508,6,1,0,0
2509,19000,824,5900,0
2510,194,3,17,0
2511,22,2,2,0
2512,1900,120,3800,0
2513,7,1,1,0
2514,4,2,0,0
2515,17000,433,3300,0
2517,4,0,1,0
2518,272,8,9,0
2519,1100,383,4700,1
2520,25,5,1,1
2521,82,14,10,0
2522,2898,50,142,0
2523,30,0,6,0
2524,8004,29,45,0
2525,77,3,2,0
2526,17,1,4,0
2527,19,0,1,0
2528,1182,29,82,0
2529,1700,418,2600,0
2530,55,5,2,0
2532,33,0,1,0
2533,3,0,1,0
2534,0,0,0,1
2535,4,0,0,1
2536,0,0,0,0
2537,195,5,59,0
2538,19,6,1,0
2539,3,0,0,0
2540,19,1,1,0
2541,0,0,0,0
2542,9,0,1,0
2543,1229,11,19,0
2544,18467,50,3027,0
2545,76,12,17,0
2546,14000,602,3500,0
2547,288,7,15,0
2548,18,1,1,0
2549,19,0,1,0
2551,7200,3,729,0
2552,40,3,2,0
2553,9,0,0,0
2554,1,5,0,0
2555,3,6,11,1
2556,659,81,102,1
2557,53,4,0,1
2559,71,59,19,0
2560,4,0,0,0
2561,90,1,8,0
2563,101,50,9,1
2564,8,0,0,1
2566,80,289,6,0
2567,190,52,50,0
2568,204,36,21,0
2569,15000,3000,4200,0
2570,6068,28,59,0
2571,6600,443,7400,1
2572,3145,50,943,0
2573,14,5,2,0
2574,2,0,0,0
2575,0,0,0,0
2576,7727,152,149,0
2577,204,33,21,0
2578,0,0,0,0
2579,63000,2800,3700,0
2580,2,0,0,0
2581,2,0,0,0
2582,125,21,21,0
2583,2,0,0,0
2584,46,3,8,1
2585,12,2,1,0
2586,1608,13,22,0
2587,18,4,1,0
2588,54,2,3,0
2589,17,22,0,1
2590,15,32,1,1
2591,11,0,0,0
2592,140,31,22,0
2593,1585172827,1276,2,0
2594,51,8,5,1
2595,108,47,25,0
2596,229,33,173,1
2597,39,14,1,1
2598,0,0,0,0
2599,98,11,8,0
2600,4,2,0,0
2601,9,0,0,0
2602,2,0,0,0
2603,0,0,0,0
2604,0,1,0,0
2605,9,0,0,0
2606,1,0,0,0
2607,35,0,24,0
2608,11,1,0,0
2609,1,0,0,0
2610,35323,1,4242,0
2611,2,0,0,1
2612,7,5,11,1
2613,45,5,8,1
2614,92,16,15,0
2615,29,0,2,0
2616,3,5,1,0
2617,3,0,0,0
2618,19,0,2,0
2619,151,1,4,0
2620,36,22,7,0
2621,1,1,0,0
2622,4893,47,100,0
2623,642,125,88,1
2624,16,1,1,0
2625,48,28,0,1
2626,51,4,6,1
2627,24,3,2,0
2628,34,10,2,0
2629,647,107,489,0
2630,2,2,4,1
2631,34,0,3,0
2632,10,0,0,0
2633,6,1,0,0
2634,5,0,0,0
2635,3726,47,230,0
2636,18,1,0,0
2637,50,17,4,1
2639,42,1,0,0
2640,8,1,0,0
2641,366,100,33,0
2642,8178,49,449,0
2643,2,0,3,0
2644,3806,179,269,0
2645,35,8,1,0
2646,0,0,0,0
2647,18,1,2,0
2648,798,15,13,0
2649,688,33,124,0
2650,324,0,28,0
2651,49,3,10,0
2652,124,44,10,1
2653,0,2,1,1
2654,111,12,17,0
2655,72,0,5,0
2656,117,21,15,1
2657,7,0,0,0
2658,11,1,1,0
2659,7,0,1,0
2660,4,0,1,0
2661,572,22,1,0
2662,68,31,4,1
2663,6,2,0,0
2664,8,4,0,0
2665,20000,1600,4300,0
2666,245,8,159,0
2667,2,0,0,0
2668,56,3,6,0
2669,3350,21,41,0
2670,1,0,0,0
2671,7,0,0,0
2672,7600,713,2900,0
2673,3600,1200,4000,0
2674,23,11,0,0
2675,215,0,101,0
2676,13000,1000,6000,0
2677,1202,45,21,0
2678,1500,166,3100,0
2679,0,0,0,0
2680,6,0,0,0
2681,28,0,0,0
2682,296,59,68,1
2684,23,2,2,0
2685,9,2,0,0
2686,6,1,1,0
2687,0,0,0,0
2688,248,76,21,1
2689,2,0,0,0
2690,14,17,0,1
2691,329,50,29,1
2692,19,1,1,0
2693,3,2,0,0
2694,2,2,0,0
2695,1117,2,4,0
2696,17,12,0,1
2697,2,1,0,0
2698,12,2,2,0
2699,2851,2,23,0
2700,13,0,1,0
2701,0,0,0,0
2702,0,0,1,0
2703,364,8,48,0
2704,103,28,2,1
2705,66,15,25,0
2706,2700,864,2200,0
2708,29,1,1,0
2709,229,32,16,0
2710,3785,341,776,0
2711,1,0,0,0
2713,12000,2000,8000,0
2714,8,2,2,0
2715,1300,285,4200,1
2716,47000,1300,2000,1
2717,8177,53,88,0
2718,7359,31,75,0
2719,26,0,3,0
2721,28,10,2,1
2722,8060,189,166,0
2723,475,41,30,1
2724,2,0,0,1
2725,60,3,6,0
2726,0,0,0,0
2728,1657,11,270,0
2729,5,2,0,0
2730,5,0,0,0
2731,6,4,0,0
2732,1,0,0,0
2733,41,0,13,0
2734,4,0,0,0
2735,5,0,0,0
2736,3,0,0,0
2737,1300,80,2500,0
2738,12000,2200,3500,0
2739,35,6,4,0
2740,1,0,0,0
2741,7,0,0,0
2742,848,599,4300,0
2744,36000,1600,2100,0
2745,63,2,0,0
2746,160,7,32,0
2747,290,13,32,1
2748,4,0,0,0
2749,478,33,4,0
2750,2,0,0,0
2751,34,1,3,0
2752,76,1,13,0
2753,2,0,0,0
2754,1700,110,2400,1
2755,43,36,2,0
2756,135,8,17,0
2757,410,252,4100,1
2758,5,0,1,0
2759,5866,50,197,0
2761,1,0,0,0
2762,89,26,3,0
2763,2,0,0,0
2764,6000,3800,2600,0
2765,491,3,44,0
2766,399,3,108,0
2767,0,0,0,0
2768,4,0,0,0
2769,2,0,0,0
2770,17983,24,736,0
2771,10,1,1,0
2772,6,3,0,1
2773,34,0,1,0
2774,0,0,0,0
2775,15,1,3,0
2776,12,0,2,0
2777,10,3,0,0
2778,0,0,0,0
2779,3,0,0,0
2780,145,211,21,1
2781,12000,950,2300,0
2782,96,43,16,0
2783,2,0,0,0
2784,86,7,32,0
2785,4,0,0,0
2786,3,0,0,0
2787,4,0,2,0
2788,1500,610,2300,0
2789,6,2,1,0
2790,1532,15,81,0
2791,1,0,0,0
2792,1100,52,181,1
2793,5857,50,368,0
2794,4909,50,471,0
2795,26,3,1,0
2796,705,50,9,0
2797,12,0,0,0
2798,51,4,11,0
2799,0,0,0,0
2800,78,11,10,1
2801,60,37,4,0
2802,10,0,7,0
2803,375,29,62,1
2804,11703,334,198,0
2805,28,15,23,0
2806,1,0,0,0
2807,1,0,1,0
2808,39,133,4,1
2809,5,0,0,0
2810,10,2,0,0
2811,49,1,11,0
2812,10,0,0,0
2813,6,0,0,0
2814,14,0,3,0
2815,3,3,0,0
2816,873,16,81,0
2817,33000,3400,9500,0
2818,26,1,0,0
2819,377,119,1900,1
2820,1,0,0,0
2821,71,3,9,0
2822,0,0,0,0
2823,4851,19,29,0
2824,12,0,0,0
2825,74,37,10,0
2826,158,2,11,0
2827,14,0,3,0
2828,273,101,126,1
2829,1,0,0,0
2830,9723,41,883,0
2831,268,10,72,0
2832,139,1,17,0
2833,16,2,38,0
2834,57,4,2,0
2835,37,14,0,0
2836,28000,1600,15000,0
2837,29,2,1,0
2838,3,4,0,1
2839,1280,125,89,0
2840,130,26,44,1
2841,5,0,0,0
2842,66,15,1,0
2844,1200,581,2200,0
2845,143,20,6,1
2846,10000,408,2800,1
2847,112,23,6,0
2849,26,1,10,0
2850,245,41,85,1
2851,0,0,0,0
2852,2,0,0,0
2853,21,6,2,0
2854,165,221,14,1
2855,306,11,16,0
2856,1893,14,81,0
2858,4933,50,54,0
2859,4534,42,96,0
2860,5,13,0,0
2861,0,0,0,0
2862,76,3,4,0
2863,7527,49,78,0
2864,84,25,15,0
2865,2,2,3,0
2866,64,62,15,0
2867,3,0,0,0
2868,1552,50,365,0
2869,92,10,5,1
2870,237,34,84,0
2871,0,0,0,0
2872,7500,1200,3700,0
2873,43,6,3,1
2874,0,0,0,0
2875,4,0,0,0
2876,656,50,26,0
2877,24,7,3,0
2878,8,2,4,0
2879,5,0,1,0
2880,11,1,0,0
2881,593,50,157,0
2882,9,0,10,1
2883,25,4,6,0
2884,189,104,63,0
2885,3937,49,116,0
2886,395,13,54,0
2887,210,13,22,0
2888,1,1,0,0
2889,7441,124,538,0
2890,2587,1,61,0
2891,26,2,2,1
2893,377,50,87,0
2894,121,25,22,0
2895,2,0,0,0
2896,13,1,0,0
2897,26,6,5,0
2898,12,0,6,0
2899,14,11,0,1
2900,1,0,0,0
2901,3,0,0,0
2902,1090,9,51,0
2903,2,1,0,0
2904,408,58,25,1
2905,5,0,2,0
2906,3100,901,3200,1
2907,83,18,8,0
2908,3,0,0,0
2909,48,83,0,0
2910,9,0,1,0
2911,2,1,0,1
2912,116,0,7,0
2913,17561,623,897,0
2914,137,21,27,1
2915,143,259,822,0
2916,10,0,0,0
2917,23,17,0,0
2918,30000,1800,8500,0
2919,3,0,0,0
2921,9092,50,636,0
2922,89,5,7,0
2923,129,0,19,0
2924,31,2,6,0
2925,33,1,13,0
2926,10468,50,426,0
2927,366,14,31,1
2928,3550,34,89,0
2929,42,1,2,0
2930,99,27,16,0
2931,11,0,0,0
2932,3,0,3,0
2933,1,1,0,0
2934,21,1,0,1
2935,19292,282,1027,0
2936,104,42,6,0
2937,48000,1200,4000,1
2938,4,0,0,0
2939,3,0,0,0
2940,12,1,0,0
2942,5,0,0,0
2944,30,12,2,0
2945,95,42,44,0
2946,3,0,0,0
2947,25000,753,2900,0
2948,154,26,15,0
2949,7500,739,6600,0
2950,31,1,5,1
2951,5511,117,113,0
2952,5,4,0,0
2953,29,4,0,1
2954,20,2,1,0
2955,532,52,25,1
2956,13,1,0,0
2957,4,0,0,0
2958,38,16,5,1
2959,5,0,0,0
2960,124,0,4,0
2961,361,0,35,0
2962,17,0,0,0
2964,198,60,81,0
2965,0,0,0,0
2966,10,1,0,0
2967,283,2,7,0
2968,454,42,11,0
2969,12,4,0,1
2970,19,2,5,0
2971,34,0,2,0
2972,3,0,0,0
2973,4,1,1,1
2974,64,35,20,0
2975,6678,10,318,0
2976,521,0,38,0
2977,11220,43,4343,0
2978,2,0,0,0
2979,9,0,1,0
2980,937,225,2900,1
2981,49,12,4,0
2982,3401,27,63,0
2983,42,3,10,1
2984,285,32,17,0
2985,1,0,0,0
2986,22,2,1,0
2987,12,6,2,0
2988,2,2,0,0
2989,13,0,0,0
2990,45,14,9,1
2991,2,0,0,0
2992,14000,1400,8300,0
2993,20,11,2,1
2994,1200,167,2300,1
2995,509,39,59,0
2996,0,0,0,0
2997,8,0,1,0
2998,9000,3200,4400,0
2999,29,6,2,0
3000,18,0,2,0
3001,7473,50,1124,0
3002,6,2,1,0
3003,693,40,31,0
3004,48,3,1,0
3005,34,0,0,0
3006,35,14,0,0
3007,36,8,11,0
3008,0,0,0,0
3009,4079,3,7,0
3010,65,18,4,0
3011,106,9,4,0
3012,9,0,0,0
3013,16,5,0,1
3014,28,1,1,0
3015,22273,454,771,0
3016,3,0,0,0
3017,14,1,1,1
3018,134,6,7,1
3019,12,1,0,0
3021,2,0,0,0
3022,94,266,22,1
3023,7,0,0,0
3024,12,0,0,0
3025,0,0,0,0
3026,399,3,0,0
3027,18,4,1,1
3028,10,2,0,0
3029,16,0,0,0
3030,27,4,1,0
3031,7,0,0,0
3032,1,0,0,0
3033,1,0,0,0
3034,459,11,7,0
3035,36,2,2,0
3036,2,0,0,0
3037,40,2,13,0
3039,24,3,3,0
3040,4,0,0,0
3041,3206,86,137,0
3042,3,0,0,0
3043,27,33,0,0
3044,2400,246,2100,0
3045,24,0,0,0
3046,5435,50,336,0
3047,73,1,0,0
3049,7,0,0,0
3050,170,15,2,1
3051,0,0,0,0
3052,7,0,4,0
3053,1011,46,95,0
3054,45,1,3,0
3055,0,0,0,0
3056,37,6,8,1
3057,18391,98,128,0
3058,1100,214,245,0
3059,90,4,4,0
3060,89,0,0,0
3061,114,44,9,0
3062,60,0,13,0
3063,2988,39,94,0
3064,263,23,29,1
3065,653,0,91,0
3066,26,2,5,0
3067,52,19,18,1
3068,17,12,0,0
3069,1000,291,2500,1
3070,6400,434,518,1
3071,3,0,0,0
3072,218,18,10,0
3073,2642,11,77,0
3074,38,17,1,0
3075,20,0,2,0
3076,2000,639,9700,1
3077,4,9,6,0
3078,14,1,2,0
3079,12,3,0,0
3080,2,0,0,0
3081,304,2,1,0
3082,19490,50,2643,0
3083,92,12,3,0
3084,1675,8,33,0
3085,43,10,7,1
3086,23,0,5,0
3087,5,0,3,0
3088,11,0,0,0
3089,3206,50,1397,0
3090,0,0,0,0
3091,28000,1100,2100,0
3092,14,11,4,0
3093,1100,932,2300,0
3094,343,20,847,1
3095,4,0,1,0
3096,3100,962,2700,1
3097,696,50,88,0
3098,172,14,19,0
3099,14,3,2,0
3100,543,50,6,0
3101,12,0,0,0
3102,1,0,0,0
3103,120,2,8,0
3104,5,6,1,0
3105,0,0,0,0
3107,1,0,0,0
3108,2,0,0,0
3109,167,0,98,0
3110,11,8,2,1
3111,22,5,3,0
3112,9000,1000,5000,0
3113,246,4,9,0
3114,5600,2100,3700,1
3115,9,2,2,0
3116,5,1,0,0
3117,48,5,0,1
3118,101,15,1,1
3119,48000,656,4600,0
3120,5225,50,1505,0
3121,8,1,2,0
3122,15,64,1,1
3123,3,0,0,0
3124,3,0,0,0
3125,6,0,0,0
3126,45000,8400,11000,0
3127,848,72,361,1
3128,387,10,97,0
3129,6,2,2,0
3130,5,0,0,0
3131,78,18,3,0
3132,4200,1700,3800,0
3133,423,137,358,1
3134,214,25,4,1
3135,1,1,0,0
3136,1345,50,221,0
3137,2,2,1,0
3138,1980,42,83,0
3139,5,1,0,0
3140,21,23,0,0
3141,23,7,4,1
3142,13,1,5,0
3143,0,0,0,0
3144,32,0,2,0
3145,46,4,11,0
3147,12,4,0,0
3148,0,0,0,0
3149,1,0,0,0
3150,98,0,17,0
3151,108,2,7,0
3152,10,0,1,0
3153,6,0,0,0
3154,91,4,40,0
3155,135,1,12,0
3156,10,6,1,0
3157,6,1,0,0
3158,3,0,0,0
3159,6746,50,1376,0
3160,6,0,3,1
3161,513,5,46,0
3162,81,0,16,0
3163,137,73,20,0
3164,45,2,3,0
3165,41,16,6,1
3166,7000,1100,6900,0
3167,2600,719,2100,0
3169,363,11,83,0
3170,4,0,1,0
3171,105,0,8,0
3172,18540,25,786,0
3174,7,0,0,0
3175,4,0,0,0
3176,11853,1152,1036,0
3177,22,2,0,0
3178,76,12,6,0
3180,147,46,26,1
3181,283,64,38,0
3182,12000,543,4000,1
3183,536,49,48,1
3184,321,124,61,1
3185,78,9,13,1
3186,140000,1300,4300,0
3187,31,2,2,0
3188,4,0,0,1
3189,75,57,3,0
3190,79,25,150,0
3191,6200,3200,5700,1
3192,2,0,0,0
3193,2,0,0,0
3194,673,160,56,0
3195,29000,4400,2300,0
3196,13,0,4,0
3197,5,0,1,0
3198,1900,1900,3900,0
3199,6,0,0,0
3200,43,1,2,0
3201,226,26,4,0
3202,0,0,0,0
3203,167,38,4,1
3204,1000,116,2400,0
3205,1,0,1,0
3206,973,1,92,0
3207,14,4,0,1
3208,24,2,0,0
3209,8,6,0,1
3210,10377,50,723,0
3211,234,19,5,0
3212,1,0,0,0
3214,3,4,0,0
3215,218,241,37,1
3216,3,0,0,0
3217,9,0,4,0
3218,42,13,2,0
3219,40,3,1,0
3220,1,0,0,0
3221,6,4,0,0
3222,1,2,2,0
3223,8,1,0,1
3224,4440,30,161,0
3225,11,0,0,0
3226,15153,945,1096,0
3228,7,1,3,0
3229,35,60,4,0
3230,493,14,44,0
3231,225,3,34,0
3232,5,0,0,0
3233,173,5,1,0
3234,53,1,10,0
3235,2,0,0,0
3236,415,25,419,1
3237,1600,157,547,1
3238,4,0,3,0
3239,12,5,1,0
3240,2,0,0,0
3241,75,6,3,0
3242,1,0,0,0
3243,1,0,0,0
3244,232,30,10,0
3245,35000,3100,4300,0
3246,120,1,0,0
3248,3,0,0,0
3249,1,0,0,0
3250,3,0,0,0
3251,9,0,0,0
3252,1000,117,704,0
3253,1061,33,184,0
3254,26,8,2,0
3255,1500,976,7700,0
3256,123,2,22,0
3257,319,28,51,1
3258,3000,259,781,1
3259,0,0,0,0
3260,155,54,10,0
3261,3,0,0,0
3262,53,46,117,1
3263,257,62,136,1
3264,22,4,8,1
3265,121,50,44,0
3266,2,0,0,0
3267,124,25,10,0
3268,8,0,0,0
3269,198,8,16,0
3270,359,67,8100,0
3271,68,3,5,0
3272,11,4,1,0
3273,49,7,0,0
3274,166,123,8,0
3275,1466,50,14,0
3276,88,57,4,0
3277,0,0,0,0
3278,4,0,0,0
3279,95,3,0,0
3280,0,0,0,0
3281,791,12,19,0
3282,407,50,48,0
3283,8,1,0,0
3284,47,0,0,0
3285,18,1,1,1
3286,19,0,0,0
3287,10,0,0,0
3288,27,5,0,0
3289,4,2,0,0
3290,224,76,63,1
3291,12,3,1,0
3292,187,0,3,0
3293,29,0,4,1
3294,58,4,6,0
3295,7,1,0,0
3296,195,0,56,0
3297,20,0,3,0
3298,20,2,4,0
3299,6,1,0,1
3300,11,3,1,0
3301,3,8,0,1
3302,4815,7,157,0
3303,0,0,0,1
3304,505,50,11,0
3305,239,25,3400,0
3306,329,20,29,1
3308,60,28,122,1
3309,4,0,0,0
3310,2,3,0,0
3311,3,0,0,0
3312,2100,262,2700,0
3313,21,0,3,0
3314,0,0,0,0
3315,7,0,0,0
3316,109,19,20,1
3317,6100,744,3700,0
3318,0,0,0,0
3319,25,16,0,0
3320,144,0,33,0
3321,0,0,0,0
3322,32,3,0,1
3323,3,0,0,0
3324,466,15,90,0
3325,4896,50,387,0
3326,5,0,2,0
3327,9,0,0,0
3328,646,164,5600,1
3329,2,0,0,0
3330,0,0,0,0
3331,1,0,0,0
3332,251,9,49,0
3333,111,20,0,0
3334,122,3,8,0
3335,20,2,0,0
3336,22,0,0,0
3337,46,6,3,0
3338,187,59,50,0
3339,8643,50,1066,0
3340,148,89,27,0
3341,2,1,0,0
3342,28,3,1,0
3343,7,1,1,0
3344,9,0,1,0
3345,378,50,11,0
3346,7300,2200,7000,0
3347,68,12,2,0
3348,0,0,0,0
3349,7,0,1,0
3350,97,36,7,0
3351,2,0,0,0
3352,4,0,0,0
3353,16000,426,5700,0
3354,35,8,0,0
3355,2,0,0,0
3356,37,20,6,1
3357,3,0,0,1
3358,265,65,66,0
3360,1,0,0,0
3361,2200,569,4300,0
3362,4632,15,40,0
3363,30000,482,5900,0
3364,9,0,0,0
3365,28,21,6,0
3366,45,0,4,1
3367,277,50,53,0
3368,43,5,0,0
3369,38,2,3,1
3370,138,11,43,0
3371,0,0,1,0
3372,35,0,8,0
3373,744,1,28,0
3374,29,1,8,0
3375,3200,397,12000,0
3376,7,0,0,0
3377,3100,1900,2400,0
3378,4,0,1,0
3379,18,9,3,0
3380,52,3,4,0
3381,227,0,70,0
3383,4229,37,60,0
3384,1,0,0,0
3385,301,53,35,0
3386,12,1,2,0
3387,100,17,8,0
3388,3,0,0,0
3389,4900,343,838,1
3390,2913,50,348,0
3391,2933,17,39,0
3392,6,0,0,0
3393,681,28,31,0
3394,9,0,0,0
3395,62,11,5,0
3396,77249,50,37783,0
3397,133,44,26,0
3398,433,50,54,0
3399,3094,50,63,0
3400,38,44,14,1
3401,15,0,1,0
3402,3,1,0,0
3403,115,5,17,0
3404,8,3,0,0
3405,3,0,0,0
3406,23,17,0,1
3408,27,0,4,0
3409,5005,8,1722,0
3410,1,0,0,0
3411,19,4,3,1
3412,4,0,0,0
3413,21,1,2,0
3414,23521,185,307,0
3415,36,2,2,0
3416,2700,156,2100,0
3417,17,32,7,0
3418,2,0,0,1
3419,50,17,26,0
3420,1,0,0,0
3421,7000,335,3700,0
3422,1070,50,26,0
3423,1,0,0,0
3424,141,1,6,0
3425,4,1,0,1
3426,3700,1000,2400,1
3427,14,6,1,0
3428,61,12,4,0
3429,16,2,1,0
3430,0,0,0,0
3431,58000,5700,17000,0
3432,27,2,4,0
3433,5899,1453,919,0
3434,36,7,8,0
3435,41000,946,18000,0
3436,7,1,1,1
3437,12,0,1,0
3438,17,1,1,0
3439,348,59,453,1
3440,28,5,3,0
3441,35,11,0,1
3442,2987,25,94,0
3443,1,0,0,0
3444,10,0,1,0
3445,1,1,0,0
3446,2369,38,91,0
3447,148,22,17,0
3448,2,0,0,0
3449,14,4,1,0
3451,308,59,43,0
3452,0,0,0,0
3453,2800,854,2300,0
3454,6,4,0,0
3455,16,15,7,0
3456,406,0,58,0
3457,8,0,0,0
3458,37,41,0,0
3459,14,27,1,0
3460,11,0,7,1
3461,9,0,0,0
3462,24,0,2,0
3463,2,0,0,0
3464,923,18,34,0
3465,34000,2400,2900,0
3466,2,0,0,1
3467,63,145,2,1
3468,45,0,4,0
3469,912,2,101,0
3470,78,8,5,0
3471,122,65,40,0
3472,71,0,19,0
3473,1,0,0,0
3474,29,4,0,0
3475,12,0,4,0
3476,4717,17,373,0
3477,12386,50,125,0
3478,227,13,203,1
3479,14,3,0,0
3480,22,6,1,0
3481,486,26,23,0
3482,119,0,7,0
3483,250,1,28,0
3484,8,0,2,0
3485,5,0,1,0
3486,4,0,0,0
3487,24,0,0,0
3488,36,2,7,0
3489,16787,47,946,0
3490,368,27,120,0
3492,37,30,1,0
3493,102,12,18,0
3494,5000,1300,2700,0
3495,3600,848,7400,1
3496,11,3,0,0
3497,3900,298,3000,1
3498,7108,100,51,0
3499,3600,680,3700,0
3500,187,382,26,0
3501,4,0,0,0
3502,3,0,0,0
3503,31709,50,1786,0
3504,185,36,2,0
3505,5,0,1,0
3506,1300,482,3100,1
3507,1300,141,181,1
3508,114,2,29,0
3509,1,1,0,0
3510,18,2,1,0
3511,5,3,0,0
3512,38,4,1,1
3513,13882,11,3437,0
3514,219,68,37,1
3515,18,0,1,0
3516,835,295,3500,1
3517,214,19,474,1
3518,979,39,138,1
3520,22,1,3,1
3521,27,9,12,0
3522,4,0,0,0
3523,474,3,12,0
3524,3,0,1,0
3525,43,32,10,0
3526,1300,1700,2400,0
3527,6,0,2,0
3528,17,3,0,0
3529,114,3,12,0
3530,19,0,3,0
3531,47000,5600,21000,0
3532,1500,112,2600,1
3533,38,9,5,0
3534,4,2,0,0
3535,70,22,2,0
3536,16,1,1,0
3537,97,2,5,0
3538,14,0,5,0
3540,11105,50,1618,0
3541,53,7,5,0
3542,92,2,1,0
3543,3,0,0,0
3544,22,0,1,0
3545,9,0,1,0
3547,2,0,0,0
3548,4,1,0,0
3549,1,0,0,0
3550,18,2,2,1
3551,4,0,0,0
3552,4800,6300,13000,0
3553,7,0,1,0
3554,3,1,0,0
3555,6,0,3,1
3556,4900,283,3200,0
3557,20,0,0,0
3558,141,2,1,0
3559,28,2,3,0
3560,19,0,0,0
3561,22,1,2,0
3562,2,0,0,0
3563,2,2,0,0
3564,636,9,338,0
3565,19,0,7,0
3566,22,0,1,0
3567,3,0,1,0
3568,35,3,0,0
3569,3,0,0,0
3570,1814,38,47,0
3571,9467,79,73,0
3572,25600,20,1504,0
3573,5353,120,1071,0
3574,4,0,1,0
3575,138,31,6,0
3576,3286,50,99,0
3577,4530,50,454,0
3578,11,2,0,0
3579,32,11,5,0
3580,253,50,162,0
3581,3300,2900,16000,0
3582,775,9,161,0
3583,52,6,0,0
3584,151,13,13,0
3585,1,0,0,0
3586,11000,623,2800,0
3587,10,0,2,0
3588,98,18,4,0
3589,0,0,0,0
3590,473,63,70,0
3591,48,1,3,0
3592,9881,29,501,0
3593,67,0,2,0
3594,2266,50,651,0
3595,402,0,44,0
3596,6,1,0,0
3597,4508,50,61,0
3598,0,0,0,0
3599,2827,23,155,0
3600,68,18,16,1
3601,2535,27,70,0
3602,2500,549,3200,0
3603,4,0,1,0
3604,25831,468,853,0
3605,0,0,0,0
3606,43,3,3,0
3607,109,102,395,1
3608,10,0,1,0
3609,41,8,1,0
3610,2,0,0,0
3611,99953,50,4985,0
3612,23,0,0,0
3613,5,4,0,0
3614,3,0,1,0
3615,518,127,62,1
3616,207,10,7,0
3617,97,19,10,1
3618,17988,50,454,0
3619,1,0,0,0
3620,2900,153,10000,1
3621,58,27,4,1
3622,203,12,28,0
3623,1300,799,2500,1
3624,825,0,130,0
3625,14,5,15,1
3626,4,0,0,0
3627,57,1,0,0
3628,90,4,10,0
3629,5,2,1,0
3630,1262,20,31,0
3631,162,26,17,0
3632,133,0,13,0
3633,110,1,304,1
3634,36,2,2,0
3635,2,0,1,0
3636,1,0,0,0
3638,156,44,32,0
3639,19,0,3,0
3640,1942,50,739,0
3641,47,48,4,0
3642,92,129,46,0
3643,29000,3500,2700,0
3644,6650,50,1147,0
3645,4,0,1,0
3646,9,1,3,0
3647,12,0,0,0
3648,2209,16,10,0
3649,1005,50,6,0
3650,1263,12,259,0
3651,9,3,2,0
3652,4,0,0,0
3653,275,0,70,0
3654,104,11,15,1
3655,66,71,24,1
3656,86429,3298,23527,0
3657,424,46,35,1
3658,14,2,0,0
3659,4500,1100,2700,0
3660,10,0,1,0
3661,7800,3200,4300,0
3662,5,5,1,0
3663,54,3,3,0
3664,1200,222,2200,1
3665,9,0,0,0
3666,616,120,165,1
3667,111,18,22,0
3668,2,0,1,0
3669,2,3,0,0
3670,12,0,1,0
3671,2381,69,44,1
3672,3,1,0,0
3673,150,184,19,0
3674,1,1,0,0
3675,62,15,2,0
3676,1,0,0,0
3677,74,19,4,0
3678,74,31,0,1
3679,4,1,0,0
3680,8,1,1,0
3681,6,0,0,0
3683,3,0,0,0
3684,1930,1,337,0
3685,138,4,1,0
3686,1,0,0,0
3687,19000,1700,8300,0
3688,42,2,24,0
3689,2691,4,94,0
3690,7,1,0,0
3691,62,36,4,1
3692,11000,714,5800,0
3693,9,0,11,0
3694,11,6,0,0
3695,7,0,1,0
3696,9,2,0,0
3697,279,59,166,0
3698,19,19,4,0
3699,6,0,0,0
3700,3,0,0,0
3701,472,11,4,0
3703,88,3,8,0
3704,10,4,1,0
3705,2,1,0,0
3706,142,0,48,0
3707,444,19,67,0
3708,3,1,0,0
3710,9,0,0,0
3711,7,3,1,0
3712,25,15,1,1
3713,45,3,8,0
3714,43,0,9,0
3715,13,0,1,0
3716,22,257,0,1
3717,4,3,0,0
3718,2,0,0,0
3719,3974,16,166,0
3720,41,19,2,0
3721,187,185,26,1
3722,15,6,0,0
3723,9,2,5,0
3724,18,12,0,0
3725,1,0,0,0
3726,16000,157,826,0
3728,1,0,1,0
3729,23,0,1,0
3730,10000,5400,5700,0
3731,1963,50,44,0
3732,1100,1000,2100,0
3733,11,2,4,0
3734,13000,485,2600,0
3735,72,12,7,0
3736,3,0,0,0
3737,3,2,0,0
3738,119,4,9,0
3739,6,0,0,0
3740,18,8,2,0
3741,69,0,10,0
3742,3,0,0,0
3743,13,4,0,0
3744,31,0,1,0
3745,689,0,97,0
3746,12,0,0,0
3747,0,0,0,0
3748,908,101,364,1
3749,7,0,0,0
3750,144,2,5,0
3751,8800,1900,2900,1
3752,1800,320,368,0
3753,3047,36,18,0
3754,835,225,2300,1
3755,330,3,17,0
3756,9000,869,2300,0
3757,48,2,8,0
3758,434,72,9,1
3759,5900,2300,7800,0
3760,3,0,0,0
3761,10,1,0,0
3762,1,0,0,0
3763,0,0,0,0
3765,908,217,5300,1
3766,21,1,2,0
3767,58,36,8,0
3768,7,5,1,0
3769,0,0,0,0
3770,1100,406,3300,1
3771,2,0,0,0
3772,16,0,0,0
3773,1430,15,46,0
3774,4555,50,96,0
3775,32,85,0,0
3776,8681,50,880,0
3777,0,0,0,0
3778,4140,50,358,0
3779,11,0,1,0
3780,4794,24,301,0
3781,24,5,5,0
3782,175,40,16,0
3783,3,0,0,0
3784,8,0,0,0
3786,1,0,0,0
3787,27,6,6,0
3788,8100,5900,13000,0
3789,2,0,0,1
3790,111000,2800,5900,0
3791,63,4,19,0
3792,5,1,0,0
3793,14,29,0,0
3794,14000,559,4900,0
3795,4,4,0,0
3796,2,0,4,0
3797,2100,578,5200,0
3798,4451,16,78,0
3799,16647,580,662,0
3800,44,0,8,0
3801,19,0,0,0
3802,714,50,6,0
3803,12,3,1,1
3804,2763,134,50,1
3805,16,0,1,0
3806,16,0,3,0
3807,6100,1800,5700,0
3808,112,23,20,1
3809,278,126,20,1
3810,46,2,0,0
3811,110,34,8,1
3812,4548,45,96,0
3814,6,0,4,0
3815,6560,50,399,0
3816,3500,239,5100,0
3817,5604,13,67,0
3818,9,5,4,0
3819,34,7,3,0
3820,530,3,2,0
3821,26,13,0,0
3822,1061,36,74,0
3823,5,0,0,0
3824,446,160,269,1
3825,21,13,2,1
3826,45000,1300,2500,0
3827,21,1,0,0
3828,248,13,15,0
3829,120,10,0,1
3830,1,0,1,0
3831,4,0,0,0
3832,256,1,14,0
3833,11,0,0,0
3834,15,2,0,0
3835,507,10,3,0
3836,59,16,3,1
3837,7600,1200,2500,0
3838,0,0,0,0
3839,7,0,0,0
3841,47,5,16,1
3842,60,46,6,0
3843,2800,699,5500,0
3844,0,5,10,0
3845,0,0,1,0
3846,8694,20,520,0
3847,3,0,0,0
3848,11,2,0,0
3849,113,25,15,0
3850,14,0,1,0
3851,298,5,12,0
3852,3,0,0,0
3853,120,48,55,0
3854,2800,187,2100,1
3855,0,0,0,0
3856,5801,53,32,0
3857,309,12,41,0
3858,2800,2300,5500,1
3859,0,0,1,0
3860,2893,20,90,0
3861,29,1,15,0
3862,6792,33,495,0
3863,5393,50,804,0
3864,1,0,0,0
3865,3,0,0,0
3866,1000,155,3000,1
3867,23,1,75,1
3868,10603,50,1128,0
3869,2,13,0,0
3871,4,0,0,0
3872,20,0,0,0
3874,8,4,2,0
3875,156,63,42,0
3876,195,62,25,0
3877,14,6,0,0
3879,3,0,0,0
3880,36,8,6,0
3881,89,1,46,0
3882,237,9,17,0
3883,14,1,0,0
3884,13,0,1,1
3885,1226,13,388,0
3886,0,0,0,1
3887,27,8,1,1
3888,56,32,3,0
3889,328,5,3,0
3890,5,0,0,0
3891,30,4,6,0
3892,61,4,7,0
3893,111,19,5,1
3894,125,2,5,0
3895,0,0,0,0
3896,2,0,0,0
3897,54,3,6,0
3899,7090,278,124,0
3900,39,0,3,0
3901,3145,16,83,0
3903,14,1,0,0
3904,12,1,0,0
3905,14,2,0,0
3906,372,19,72,0
3907,20,3,0,0
3908,6807,22,121,0
3909,879,113,159,0
3910,23,0,2,0
3911,5100,6300,13000,1
3912,8912,10,98,0
3913,2111,91,106,1
3914,43,14,0,0
3915,1,0,0,0
3916,28,2,1,0
3917,8,0,0,0
3918,3878,28,154,0
3919,1803,11,61,0
3920,3700,999,2300,0
3921,2898,50,142,0
3922,75,18,62,0
3923,12000,554,2300,0
3925,8100,1500,3000,0
3926,3000,529,4700,1
3927,2100,2100,2700,0
3928,257,0,63,0
3929,20000,831,5000,0
3930,16,0,4,0
3931,34,0,1,0
3932,434,128,1600,1
3933,19,0,0,0
3934,127,3,1,0
3935,4666,86,415,0
3936,35,4,4,0
3937,6,1,0,0
3938,6650,1196,186,0
3939,1489,13,40,0
3940,7743,50,788,0
3941,6,0,0,0
3942,7,1,0,0
3943,22,7,0,0
3944,510,22,94,0
3945,13,6,0,0
3946,3900,2500,4400,0
3947,15,6,7,0
3948,12,3,2,0
3949,19757,47,917,0
3950,11812,146,122,0
3951,31,1,0,0
3952,14,2,0,0
3953,4,0,0,0
3955,3300,318,1100,1
3956,254,0,37,0
3957,23,0,0,0
3958,5555,50,193,0
3959,19,0,2,0
3960,5912,10,517,0
3961,17744,177,442,0
3962,1500,1700,2900,0
3963,425,50,50,0
3964,5,0,0,0
3965,39000,1600,8400,0
3966,1,0,0,0
3967,39,44,4,1
3968,89,39,17,0
3969,2115,11,47,0
3970,21,2,0,0
3971,0,0,0,0
3972,0,0,0,0
3973,17,13,0,1
3974,0,0,0,0
3975,13123,50,2184,0
3976,16000,3400,8800,0
3977,186,13,22,0
3978,5,0,0,0
3979,6,1,0,0
3980,102,44,4,0
3981,34000,1800,2200,0
3982,153,226,40,0
3983,2791,50,215,0
3984,11,0,1,0
3985,1700,29,73,1
3986,176,3,16,0
3987,224,159,25,1
3988,10,1,0,0
3989,729,121,89,1
3991,2,0,0,0
3992,2,0,0,0
3993,3900,184,453,0
3994,1,1,0,1
3995,10,2,0,1
3996,12,1,2,0
3997,108,13,26,1
3998,25216,1770,1877,0
3999,1073,12,57,0
4000,12,3,3,0
4001,309,58,51,1
4003,13,1,3,0
4004,5,0,0,0
4005,3,1,2,0
4006,46,7,3,0
4007,14,0,0,0
4008,61000,812,2800,0
4009,139,4,20,0
4010,82,9,10,0
4011,10000,349,3300,0
4012,37,29,0,0
4013,9389,146,608,0
4014,11000,1000,2500,0
4015,1,0,0,0
4016,7,0,1,0
4017,1,0,0,0
4018,0,0,0,0
4019,1,0,1,0
4020,3,3,0,0
4021,65,12,13,0
4022,63,2,1,0
4023,0,0,0,0
4024,16,0,3,0
4025,5,0,0,0
4026,2,0,0,0
4027,986,12,29,0
4028,1,0,0,0
4029,5,0,0,0
4030,7014,3,545,0
4032,27940,5,7798,0
4033,1699,50,136,0
4034,474,306,219,0
4035,31000,2400,4400,0
4036,8,0,2,0
4038,10,0,3,0
4039,118,24,22,0
4040,1,0,0,0
4041,216,1,86,0
4042,157,93,32,0
4043,5,0,0,0
4044,31000,1500,3500,0
4045,20,3,1,1
4046,1100,153,163,0
4047,1562,50,153,0
4048,5,0,0,0
4049,2008,21,75,0
4050,209,50,18,0
4051,663,20,64,0
4052,1085,3,35,0
4053,80,3,8,0
4054,125,30,34,0
4055,75,35,9,0
4056,350,1,81,0
4057,6,2,0,1
4058,18000,1000,3200,1
4059,135,87,7,0
4060,28,6,13,0
4061,13,0,4,0
4062,91,21,3,0
4063,3,0,0,0
4064,128,7,0,0
4065,87,0,6,0
4066,3,2,1,1
4067,143,4,21,1
4068,7,1,0,1
4069,71,0,10,0
4071,53,1,2,0
4072,7,2,0,0
4073,21,19,54,0
4074,2828,50,267,0
4075,8,19,0,0
4076,46000,20000,20000,0
4077,8,0,1,0
4078,165,21,80,0
4079,1148,0,217,0
4080,94,162,11,1
4081,2,0,0,0
4082,13,0,2,0
4083,181,22,11,1
4084,7,4,0,0
4085,85,161,4,0
4086,11000,1000,3700,0
4087,323,363,96,0
4088,708,29,5,0
4089,6,0,0,1
4090,8,3,0,1
4091,8828,50,383,0
4092,13,0,0,0
4093,2,3,0,1
4094,20,0,2,0
4095,162,4,15,0
4096,7,3,0,0
4097,2392,3,70,0
4098,5,0,0,0
4099,8,0,0,0
4100,3,2,1,0
4101,11,1,0,0
4102,26,0,2,1
4103,5,1,2,1
4104,4600,6600,11000,0
4105,40,2,3,0
4106,13,7,0,0
4107,15,14,1,0
4108,93,1,9,0
4110,8,2,0,0
4111,0,0,0,0
4112,1,0,0,0
4113,1,0,0,0
4114,2,0,0,0
4115,5369,50,152,0
4116,39,12,3,0
4117,8382,50,696,0
4118,3,0,0,0
4119,1678,50,94,0
4120,3,0,0,1
4121,0,1,0,0
4122,92,6,70,0
4123,62,2,12,0
4124,45000,2800,3700,0
4125,238,6,11,0
4126,16,1,1,1
4127,0,0,0,0
4128,65,46,16,0
4129,0,0,0,0
4130,83,14,24,1
4131,3,1,0,0
4132,24,0,2,0
4133,7,0,1,0
4134,8262,41,646,0
4135,0,0,0,0
4136,50,1,0,0
4137,7,0,0,0
4138,11,1,1,0
4139,11,0,0,0
4140,2,0,0,0
4141,7146,55,173,0
4142,16,0,2,0
4143,94,13,112,1
4144,975,128,2700,0
4145,46,16,4,0
4146,47,59,18,1
4147,0,0,0,0
4148,267,1,1,0
4149,5672,29,78,0
4151,11,6,2,0
4152,8900,540,3500,0
4153,62,4,4,0
4154,3,2,0,1
4155,2191,27,40,0
4156,352,20,58,0
4157,3,0,0,0
4158,8,0,0,0
4159,66,2,2,0
4160,1,0,0,0
4161,5,1,0,0
4162,38,11,2,0
4163,19,1,0,0
4164,10,0,0,0
4165,3,0,0,0
4166,6,0,1,0
4167,20,21,2,0
4168,30,14,4,1
4169,3,2,0,1
4170,33,5,3,0
4171,686,50,116,0
4172,1800,1000,2400,0
4173,340,11,37,0
4174,24,1,1,0
4175,5500,969,2900,0
4176,1,0,0,0
4177,29,5,1,0
4178,29,0,3,0
4179,170,0,4,0
4180,71,5,22,0
4181,40,1,8,0
4182,5889,21,348,0
4183,10,0,1,0
4184,3883,50,1264,0
4185,28,29,0,0
4186,478,208,25,1
4187,1,1,0,0
4188,2400,160,4600,0
4189,153,4,22,0
4190,0,0,0,0
4191,9664,1,4239,0
4192,355,264,61,0
4193,754,86,2900,1
4194,1235,0,95,0
4195,0,0,0,0
4196,3000,974,4300,0
4197,135,38,22,1
4198,2700,1600,2800,0
4199,2946,50,240,0
4200,0,0,0,0
4201,58,31,2,0
4202,7,0,2,0
4203,48,4,34,0
4204,34000,1000,2500,0
4205,192,20,9,1
4206,1644,30,184,0
4207,8,10,1,0
4208,17,8,0,0
4209,61,0,7,0
4210,1,0,0,0
4211,172,33,38,0
4212,151,0,221,0
4213,41,9,21,0
4214,114,25,16,0
4215,38,2,3,0
4217,2900,77,1100,1
4218,46,4,1,0
4219,2500,1900,3200,1
4220,1592811050,11,0,0
4221,14,1,0,0
4222,2,0,0,0
4223,62,0,2,0
4224,1100,109,2200,0
4225,56,36,2,0
4226,5574,50,823,0
4227,190,193,52,1
4228,1700,488,3100,1
4229,2,0,0,1
4230,6,0,0,0
4231,7,3,0,0
4232,6,2,4,0
4233,1,0,0,0
4234,1000,469,2100,0
4235,4,0,0,1
4236,6,1,0,0
4237,23,0,0,1
4238,2,0,0,0
4239,16000,3000,10000,0
4240,26,24,3,1
4241,14,0,0,0
4242,6086,3,136,0
4243,11,0,0,1
4244,1720,19,97,0
4245,79,1,0,0
4246,4,1,1,1
4247,132,50,15,1
4249,3,0,0,0
4251,1,0,0,0
4252,2955,50,407,0
4253,2100,649,313,0
4254,0,0,0,0
4255,0,0,0,0
4256,601,50,106,0
4257,551,21,12,0
4258,18000,1300,26000,0
4259,13581,50,1668,0
4260,23,24,1,0
4261,45,6,5,0
4262,330,10,79,0
4263,16,0,0,1
4264,2,0,0,0
4265,0,0,0,0
4266,191,32,23,0
4267,419,88,159,1
4268,45,37,5,0
4269,38,4,1,1
4270,11,7,6,0
4271,137,59,23,0
4272,8,1,3,1
4273,157,15,47,0
4274,55,10,28,0
4276,163,18,35,0
4277,3,1,0,1
4278,157,26,7,0
4279,6400,236,7900,1
4280,119,0,14,0
4281,104,7,1,0
4282,222,50,35,0
4283,505,38,49,0
4284,73,32,38,0
4285,203,11,11,0
4286,294,97,3600,0
4287,6,0,0,0
4288,43,9,4,0
4289,3,0,0,0
4290,7,0,2,0
4291,28443,48,573,0
4292,0,0,0,0
4293,28334,257,814,0
4294,47,9,2,1
4295,1,0,0,0
4296,174,3,11,0
4297,608,5,40,0
4298,2,0,0,0
4299,119,38,12,0
4300,312,9,31,0
4301,30,4,2,1
4302,4,0,0,0
4303,4400,976,4400,1
4304,6503,50,97,0
4305,2,0,0,0
4306,2,0,0,0
4307,2,2,0,0
4308,41461,2561,2090,0
4309,19661,125,409,0
4310,78,16,13,1
4311,11,3,2,0
4312,23,11,3,0
4313,26,1,13,0
4314,2500,403,3500,1
4315,10,0,0,0
4316,142,3,11,0
4317,3900,318,2400,0
4318,12484,225,846,0
4319,11,4,0,0
4320,142,3,20,0
4321,107,7,10,0
4322,55,0,10,0
4323,109,18,22,0
4325,91,6,2,0
4326,262,55,8,1
4328,30,0,3,0
4329,126,4,3,0
4330,262,47,39,0
4331,100,0,13,0
4332,27,1,8,1
4333,3,0,0,0
4334,133,70,35,0
4335,13163,50,1257,0
4336,25,5,0,1
4337,64,77,3,0
4338,12,0,1,0
4339,11668,18,172,0
4340,14,0,4,0
4341,400,15,79,0
4342,3,2,0,0
4343,4800,436,3100,1
4344,0,5,147,0
4345,2700,1000,2600,0
4346,7,0,0,0
4347,238,0,29,0
4348,77,6,1,0
4349,2,0,0,0
4351,314,2,28,0
4352,17,1,0,0
4354,10,0,1,0
4355,128,3,46,0
4356,10,0,0,0
4357,7,0,1,0
4358,15,1,3,0
4359,29,23,2,0
4360,102,17,25,0
4361,2253,13,55,0
4362,16,1,11,0
4363,1400,607,2100,0
4364,13,5,0,1
4365,22,3,0,0
4366,251,1,23,0
4367,58,25,21,0
4368,5800,1300,12000,0
4369,21,1,0,0
4370,3,1,0,1
4371,144,38,87,1
4372,24,9,0,0
